-- Demo-shop seed (generated by scripts/demo-seed.mjs — edit that, not this).
-- Idempotent: fixed demo-prefixed ids, INSERT OR REPLACE throughout.

INSERT INTO fabrics (id, name, supplier_id, composition, weight_gsm, origin_country, price_per_meter_cents, currency, lead_time_days, moq_meters, notes) VALUES ('fab_demo_libeco', 'Libeco heritage linen', NULL, '100% linen', 240, 'BE', 1850, 'EUR', 28, 100, 'The Tangier Trouser cloth. Softens beautifully after two washes.') ON CONFLICT(id) DO UPDATE SET name = excluded.name, supplier_id = excluded.supplier_id, composition = excluded.composition, weight_gsm = excluded.weight_gsm, origin_country = excluded.origin_country, price_per_meter_cents = excluded.price_per_meter_cents, currency = excluded.currency, lead_time_days = excluded.lead_time_days, moq_meters = excluded.moq_meters, notes = excluded.notes;
INSERT INTO fabrics (id, name, supplier_id, composition, weight_gsm, origin_country, price_per_meter_cents, currency, lead_time_days, moq_meters, notes) VALUES ('fab_demo_poplin', 'Somelos cotton poplin', NULL, '100% long-staple cotton', 120, 'PT', 950, 'EUR', 21, 150, 'Corniche Polo collar stand + Medina Overshirt.') ON CONFLICT(id) DO UPDATE SET name = excluded.name, supplier_id = excluded.supplier_id, composition = excluded.composition, weight_gsm = excluded.weight_gsm, origin_country = excluded.origin_country, price_per_meter_cents = excluded.price_per_meter_cents, currency = excluded.currency, lead_time_days = excluded.lead_time_days, moq_meters = excluded.moq_meters, notes = excluded.notes;
INSERT INTO fabrics (id, name, supplier_id, composition, weight_gsm, origin_country, price_per_meter_cents, currency, lead_time_days, moq_meters, notes) VALUES ('fab_demo_terry', 'Atlas loop-back terry', 'sup_coupe_cousu', '95% cotton / 5% elastane', 320, 'MA', 720, 'EUR', 14, 200, 'Knitted in Casablanca — short lead, our workhorse.') ON CONFLICT(id) DO UPDATE SET name = excluded.name, supplier_id = excluded.supplier_id, composition = excluded.composition, weight_gsm = excluded.weight_gsm, origin_country = excluded.origin_country, price_per_meter_cents = excluded.price_per_meter_cents, currency = excluded.currency, lead_time_days = excluded.lead_time_days, moq_meters = excluded.moq_meters, notes = excluded.notes;
INSERT INTO fabrics (id, name, supplier_id, composition, weight_gsm, origin_country, price_per_meter_cents, currency, lead_time_days, moq_meters, notes) VALUES ('fab_demo_crepe', 'Bursa viscose crepe', NULL, '100% viscose', 180, 'TR', 640, 'EUR', 25, 300, 'Saadia Maxi — the drape the whole dress depends on.') ON CONFLICT(id) DO UPDATE SET name = excluded.name, supplier_id = excluded.supplier_id, composition = excluded.composition, weight_gsm = excluded.weight_gsm, origin_country = excluded.origin_country, price_per_meter_cents = excluded.price_per_meter_cents, currency = excluded.currency, lead_time_days = excluded.lead_time_days, moq_meters = excluded.moq_meters, notes = excluded.notes;
INSERT INTO fabrics (id, name, supplier_id, composition, weight_gsm, origin_country, price_per_meter_cents, currency, lead_time_days, moq_meters, notes) VALUES ('fab_demo_chambray', 'Kurabo 4.5oz chambray', NULL, '100% cotton, indigo warp', 150, 'JP', 2100, 'EUR', 45, 80, 'Leila Halter SS27 colourway. Worth the wait, watch the MOQ.') ON CONFLICT(id) DO UPDATE SET name = excluded.name, supplier_id = excluded.supplier_id, composition = excluded.composition, weight_gsm = excluded.weight_gsm, origin_country = excluded.origin_country, price_per_meter_cents = excluded.price_per_meter_cents, currency = excluded.currency, lead_time_days = excluded.lead_time_days, moq_meters = excluded.moq_meters, notes = excluded.notes;
INSERT INTO fabrics (id, name, supplier_id, composition, weight_gsm, origin_country, price_per_meter_cents, currency, lead_time_days, moq_meters, notes) VALUES ('fab_demo_crochet', 'Giza mercerised crochet yarn', NULL, '100% Egyptian cotton', NULL, 'EG', 480, 'EUR', 30, 250, 'Essaouira Coverup — sold per cone, 480 = per 100g.') ON CONFLICT(id) DO UPDATE SET name = excluded.name, supplier_id = excluded.supplier_id, composition = excluded.composition, weight_gsm = excluded.weight_gsm, origin_country = excluded.origin_country, price_per_meter_cents = excluded.price_per_meter_cents, currency = excluded.currency, lead_time_days = excluded.lead_time_days, moq_meters = excluded.moq_meters, notes = excluded.notes;
INSERT INTO fabrics (id, name, supplier_id, composition, weight_gsm, origin_country, price_per_meter_cents, currency, lead_time_days, moq_meters, notes) VALUES ('fab_demo_canvas', 'Marrakech slub canvas', 'sup_ma_ateliermarrakech', '80% cotton / 20% hemp', 280, 'MA', 830, 'EUR', 18, 120, 'Oualidia Skirt Set body. Yarn-forward qualifies under US GSP review.') ON CONFLICT(id) DO UPDATE SET name = excluded.name, supplier_id = excluded.supplier_id, composition = excluded.composition, weight_gsm = excluded.weight_gsm, origin_country = excluded.origin_country, price_per_meter_cents = excluded.price_per_meter_cents, currency = excluded.currency, lead_time_days = excluded.lead_time_days, moq_meters = excluded.moq_meters, notes = excluded.notes;
INSERT INTO trims (id, name, supplier_id, spec, price_per_unit_cents, currency, notes) VALUES ('trm_demo_corozo', 'Corozo buttons 18L', NULL, 'Natural corozo, dyed navy, 18 ligne', 38, 'EUR', 'Tangier + Medina. Corozo reads premium next to linen.') ON CONFLICT(id) DO UPDATE SET name = excluded.name, supplier_id = excluded.supplier_id, spec = excluded.spec, price_per_unit_cents = excluded.price_per_unit_cents, currency = excluded.currency, notes = excluded.notes;
INSERT INTO trims (id, name, supplier_id, spec, price_per_unit_cents, currency, notes) VALUES ('trm_demo_zip', 'YKK Excella zip 18cm', NULL, 'Antique brass, closed-end', 145, 'EUR', 'Oualidia skirt. Excella only — the teeth are jewellery.') ON CONFLICT(id) DO UPDATE SET name = excluded.name, supplier_id = excluded.supplier_id, spec = excluded.spec, price_per_unit_cents = excluded.price_per_unit_cents, currency = excluded.currency, notes = excluded.notes;
INSERT INTO trims (id, name, supplier_id, spec, price_per_unit_cents, currency, notes) VALUES ('trm_demo_label', 'Woven main label', NULL, 'Damask weave, 60x18mm, chalk on navy', 22, 'EUR', 'Porto mill, ships with care labels in the same box.') ON CONFLICT(id) DO UPDATE SET name = excluded.name, supplier_id = excluded.supplier_id, spec = excluded.spec, price_per_unit_cents = excluded.price_per_unit_cents, currency = excluded.currency, notes = excluded.notes;
INSERT INTO trims (id, name, supplier_id, spec, price_per_unit_cents, currency, notes) VALUES ('trm_demo_drawcord', 'Braided drawcord 6mm', 'sup_coupe_cousu', 'Ecru cotton braid, waxed tips', 55, 'EUR', 'Anfa Trouser waist.') ON CONFLICT(id) DO UPDATE SET name = excluded.name, supplier_id = excluded.supplier_id, spec = excluded.spec, price_per_unit_cents = excluded.price_per_unit_cents, currency = excluded.currency, notes = excluded.notes;
INSERT INTO trims (id, name, supplier_id, spec, price_per_unit_cents, currency, notes) VALUES ('trm_demo_elastic', 'Soft-hand elastic 30mm', NULL, 'Plush-back, 30mm', 60, 'EUR', 'Oualidia waistband — the plush back is the whole point.') ON CONFLICT(id) DO UPDATE SET name = excluded.name, supplier_id = excluded.supplier_id, spec = excluded.spec, price_per_unit_cents = excluded.price_per_unit_cents, currency = excluded.currency, notes = excluded.notes;
INSERT INTO suppliers (id, name, kind, city, country, email, phone, website, capabilities, moq_units, lead_time_days, is_verified, notes) VALUES ('sup_ma_ateliermarrakech', 'Atelier de Marrakech', 'factory', 'Marrakech', 'MA', 'atelierdemarrakech1@gmail.com', '+212 662 357 549', 'https://atelierdemarrakech.com/', '["tailoring","cut_and_sew","private_label","small_batch"]', NULL, NULL, 1, 'Real researched maker. Custom tailoring/confection studio, no stated minimum; design, pattern-making, fabric, labeling, packaging. Source: atelierdemarrakech.com') ON CONFLICT(id) DO UPDATE SET name = excluded.name, kind = excluded.kind, city = excluded.city, country = excluded.country, email = excluded.email, phone = excluded.phone, website = excluded.website, capabilities = excluded.capabilities, moq_units = excluded.moq_units, lead_time_days = excluded.lead_time_days, is_verified = excluded.is_verified, notes = excluded.notes;
INSERT INTO suppliers (id, name, kind, city, country, email, phone, website, capabilities, moq_units, lead_time_days, is_verified, notes) VALUES ('sup_ma_cotexma', 'Cotexma (Atelier Expert Couture Textile Maroc)', 'factory', 'Mohammedia', 'MA', NULL, NULL, 'https://atelierexpertcouturetextilemaroc.com/', '["wovens","tailoring","cut_and_sew","private_label","small_batch"]', NULL, NULL, 0, 'Real researched maker. Specialist in small-quantity textile confection for launching brands and limited capsule collections; online from pattern CAD through prototyping. Source: atelierexpertcouturetextilemaroc.com') ON CONFLICT(id) DO UPDATE SET name = excluded.name, kind = excluded.kind, city = excluded.city, country = excluded.country, email = excluded.email, phone = excluded.phone, website = excluded.website, capabilities = excluded.capabilities, moq_units = excluded.moq_units, lead_time_days = excluded.lead_time_days, is_verified = excluded.is_verified, notes = excluded.notes;
INSERT INTO suppliers (id, name, kind, city, country, email, phone, website, capabilities, moq_units, lead_time_days, is_verified, notes) VALUES ('sup_ma_flores', 'Flores Confecciones', 'factory', 'Tangier', 'MA', 'flores.majd@floresconfecciones.com', '+212 539 951 164', 'https://floresconfecciones.com/en/home/', '["wovens","knits","tailoring","cut_and_sew","private_label"]', NULL, NULL, 0, 'Real researched maker. Specialties: soft wovens, jersey, tailoring; full collection design and development concept-to-delivery. Source: floresconfecciones.com') ON CONFLICT(id) DO UPDATE SET name = excluded.name, kind = excluded.kind, city = excluded.city, country = excluded.country, email = excluded.email, phone = excluded.phone, website = excluded.website, capabilities = excluded.capabilities, moq_units = excluded.moq_units, lead_time_days = excluded.lead_time_days, is_verified = excluded.is_verified, notes = excluded.notes;
INSERT INTO suppliers (id, name, kind, city, country, email, phone, website, capabilities, moq_units, lead_time_days, is_verified, notes) VALUES ('sup_ma_vita', 'Vita Couture SARL', 'factory', 'Tangier', 'MA', 'contact@vita-couture.com', '+212 5 39 39 26 53', 'https://www.vita-couture.com/', '["wovens","tailoring","cut_and_sew","private_label"]', NULL, NULL, 1, 'Real researched maker. Full-package woven garment supplier (concept to finished product, Barcelona design office); design, fabric sourcing, QC. Skews to larger programs. Source: vita-couture.com') ON CONFLICT(id) DO UPDATE SET name = excluded.name, kind = excluded.kind, city = excluded.city, country = excluded.country, email = excluded.email, phone = excluded.phone, website = excluded.website, capabilities = excluded.capabilities, moq_units = excluded.moq_units, lead_time_days = excluded.lead_time_days, is_verified = excluded.is_verified, notes = excluded.notes;
UPDATE suppliers SET is_verified = 1 WHERE id IN ('sup_coupe_cousu','sup_ma_ateliermarrakech','sup_ma_vita');
INSERT INTO supplier_interactions (id, supplier_id, kind, direction, subject, summary, follow_up_due, needs_response, created_at) VALUES ('six_demo_01', 'sup_coupe_cousu', 'email', 'outbound', 'PO-2026-003 confirmation', 'Sent the confirmed PO with the size breakdown. Asked for revised ex-factory after the Eid closure.', NULL, 0, '2026-06-24 09:12:00') ON CONFLICT(id) DO UPDATE SET supplier_id = excluded.supplier_id, kind = excluded.kind, direction = excluded.direction, subject = excluded.subject, summary = excluded.summary, follow_up_due = excluded.follow_up_due, needs_response = excluded.needs_response, created_at = excluded.created_at;
INSERT INTO supplier_interactions (id, supplier_id, kind, direction, subject, summary, follow_up_due, needs_response, created_at) VALUES ('six_demo_02', 'sup_coupe_cousu', 'email', 'inbound', 'Re: PO-2026-003 confirmation', 'Ex-factory confirmed 22 Aug. Terry greige already booked with the mill.', NULL, 0, '2026-06-25 15:40:00') ON CONFLICT(id) DO UPDATE SET supplier_id = excluded.supplier_id, kind = excluded.kind, direction = excluded.direction, subject = excluded.subject, summary = excluded.summary, follow_up_due = excluded.follow_up_due, needs_response = excluded.needs_response, created_at = excluded.created_at;
INSERT INTO supplier_interactions (id, supplier_id, kind, direction, subject, summary, follow_up_due, needs_response, created_at) VALUES ('six_demo_03', 'sup_ma_ateliermarrakech', 'whatsapp', 'inbound', 'Saadia fit sample photos', 'Sent photos of the fit round on their house form — waist stay looks right, hem still breaks 2cm long.', '2026-07-13', 1, '2026-07-09 18:05:00') ON CONFLICT(id) DO UPDATE SET supplier_id = excluded.supplier_id, kind = excluded.kind, direction = excluded.direction, subject = excluded.subject, summary = excluded.summary, follow_up_due = excluded.follow_up_due, needs_response = excluded.needs_response, created_at = excluded.created_at;
INSERT INTO supplier_interactions (id, supplier_id, kind, direction, subject, summary, follow_up_due, needs_response, created_at) VALUES ('six_demo_04', 'sup_ma_vita', 'visit', 'outbound', 'Tangier factory visit', 'Walked the line with Souad. Buttonhole density fixed since proto; agreed PP sample before bulk cut.', NULL, 0, '2026-06-17 11:00:00') ON CONFLICT(id) DO UPDATE SET supplier_id = excluded.supplier_id, kind = excluded.kind, direction = excluded.direction, subject = excluded.subject, summary = excluded.summary, follow_up_due = excluded.follow_up_due, needs_response = excluded.needs_response, created_at = excluded.created_at;
INSERT INTO supplier_interactions (id, supplier_id, kind, direction, subject, summary, follow_up_due, needs_response, created_at) VALUES ('six_demo_05', 'sup_ma_vita', 'quote', 'inbound', 'Oualidia set CMT quote', 'CMT at 61 MAD/set for 300 sets, 54 at 500. Zip insertion included, pressing extra.', '2026-07-14', 1, '2026-07-10 10:22:00') ON CONFLICT(id) DO UPDATE SET supplier_id = excluded.supplier_id, kind = excluded.kind, direction = excluded.direction, subject = excluded.subject, summary = excluded.summary, follow_up_due = excluded.follow_up_due, needs_response = excluded.needs_response, created_at = excluded.created_at;
INSERT INTO supplier_interactions (id, supplier_id, kind, direction, subject, summary, follow_up_due, needs_response, created_at) VALUES ('six_demo_06', 'sup_hitex', 'email', 'outbound', 'Crochet capacity for October', 'Asked whether the handwork cooperative can take 400 coverups for cruise. Awaiting confirmation.', NULL, 0, '2026-07-06 08:45:00') ON CONFLICT(id) DO UPDATE SET supplier_id = excluded.supplier_id, kind = excluded.kind, direction = excluded.direction, subject = excluded.subject, summary = excluded.summary, follow_up_due = excluded.follow_up_due, needs_response = excluded.needs_response, created_at = excluded.created_at;
INSERT INTO supplier_interactions (id, supplier_id, kind, direction, subject, summary, follow_up_due, needs_response, created_at) VALUES ('six_demo_07', 'sup_ma_flores', 'call', 'outbound', 'Chambray allocation', 'Reserved 90m of the Kurabo chambray through their Tangier agent; invoice to follow.', NULL, 0, '2026-07-02 16:30:00') ON CONFLICT(id) DO UPDATE SET supplier_id = excluded.supplier_id, kind = excluded.kind, direction = excluded.direction, subject = excluded.subject, summary = excluded.summary, follow_up_due = excluded.follow_up_due, needs_response = excluded.needs_response, created_at = excluded.created_at;
INSERT INTO supplier_interactions (id, supplier_id, kind, direction, subject, summary, follow_up_due, needs_response, created_at) VALUES ('six_demo_08', 'sup_ma_ateliermarrakech', 'sample_feedback', 'outbound', 'Saadia fit round notes', 'Sent annotated photos: raise armhole 8mm, ease waist dart 4mm, hem -20mm. Round 3 requested.', NULL, 0, '2026-07-10 09:15:00') ON CONFLICT(id) DO UPDATE SET supplier_id = excluded.supplier_id, kind = excluded.kind, direction = excluded.direction, subject = excluded.subject, summary = excluded.summary, follow_up_due = excluded.follow_up_due, needs_response = excluded.needs_response, created_at = excluded.created_at;
INSERT INTO supplier_interactions (id, supplier_id, kind, direction, subject, summary, follow_up_due, needs_response, created_at) VALUES ('six_demo_09', 'sup_coupe_cousu', 'email', 'inbound', 'Terry lab dips', 'Lab dips for Deep Navy and Sand attached. Navy is a half-shade warm — resubmitting Tuesday.', NULL, 0, '2026-07-08 13:55:00') ON CONFLICT(id) DO UPDATE SET supplier_id = excluded.supplier_id, kind = excluded.kind, direction = excluded.direction, subject = excluded.subject, summary = excluded.summary, follow_up_due = excluded.follow_up_due, needs_response = excluded.needs_response, created_at = excluded.created_at;
INSERT INTO supplier_interactions (id, supplier_id, kind, direction, subject, summary, follow_up_due, needs_response, created_at) VALUES ('six_demo_10', 'sup_ma_cotexma', 'email', 'outbound', 'Intro + Anfa Trouser brief', 'Introduced the studio, shared the Anfa tech pack for a second-source CMT quote.', NULL, 0, '2026-07-07 10:05:00') ON CONFLICT(id) DO UPDATE SET supplier_id = excluded.supplier_id, kind = excluded.kind, direction = excluded.direction, subject = excluded.subject, summary = excluded.summary, follow_up_due = excluded.follow_up_due, needs_response = excluded.needs_response, created_at = excluded.created_at;
INSERT INTO tech_packs (id, style_id, code, name, version, status, season, source, summary) VALUES ('tp_demo_anfa', 'sty_anfa_trouser', 'TP-MA-M-TRS-002-v2', 'Anfa Trouser', 2, 'approved', 'SS27', 'style', 'Relaxed drawcord trouser in slub canvas. v2 fixes the pocket-bag twist from proto.') ON CONFLICT(id) DO UPDATE SET style_id = excluded.style_id, code = excluded.code, name = excluded.name, version = excluded.version, status = excluded.status, season = excluded.season, source = excluded.source, summary = excluded.summary;
INSERT INTO tech_packs (id, style_id, code, name, version, status, season, source, summary) VALUES ('tp_demo_corniche', 'sty_corniche_polo', 'TP-MA-M-PLO-003-v1', 'Corniche Polo', 1, 'sent_to_factory', 'SS27', 'style', 'Terry polo, one-piece collar. Sent to Casablanca with the lab-dip references.') ON CONFLICT(id) DO UPDATE SET style_id = excluded.style_id, code = excluded.code, name = excluded.name, version = excluded.version, status = excluded.status, season = excluded.season, source = excluded.source, summary = excluded.summary;
INSERT INTO tech_packs (id, style_id, code, name, version, status, season, source, summary) VALUES ('tp_demo_medina', 'sty_medina_overshirt', 'TP-MA-M-OSH-004-v1', 'Medina Overshirt', 1, 'approved', 'SS27', 'style', 'Poplin overshirt, corozo front, split yoke.') ON CONFLICT(id) DO UPDATE SET style_id = excluded.style_id, code = excluded.code, name = excluded.name, version = excluded.version, status = excluded.status, season = excluded.season, source = excluded.source, summary = excluded.summary;
INSERT INTO tech_packs (id, style_id, code, name, version, status, season, source, summary) VALUES ('tp_demo_leila', 'sty_leila_halter', 'TP-MA-W-HAL-006-v1', 'Leila Halter Top', 1, 'in_review', 'SS27', 'style', 'Chambray halter — bias neck band under review after the drape test.') ON CONFLICT(id) DO UPDATE SET style_id = excluded.style_id, code = excluded.code, name = excluded.name, version = excluded.version, status = excluded.status, season = excluded.season, source = excluded.source, summary = excluded.summary;
INSERT INTO tech_packs (id, style_id, code, name, version, status, season, source, summary) VALUES ('tp_demo_oualidia', 'sty_oualidia_set', 'TP-MA-W-SET-007-v1', 'Oualidia Skirt Set', 1, 'approved', 'SS27', 'style', 'Two-piece: elastic-back skirt + cropped shell in slub canvas.') ON CONFLICT(id) DO UPDATE SET style_id = excluded.style_id, code = excluded.code, name = excluded.name, version = excluded.version, status = excluded.status, season = excluded.season, source = excluded.source, summary = excluded.summary;
INSERT INTO tech_packs (id, style_id, code, name, version, status, season, source, summary) VALUES ('tp_demo_essaouira', 'sty_essaouira_crochet', 'TP-MA-W-CRO-008-v1', 'Essaouira Coverup', 1, 'draft', 'Cruise 27', 'style', 'Hand-crochet coverup. Spec drafted; stitch diagrams pending the cooperative''s gauge swatch.') ON CONFLICT(id) DO UPDATE SET style_id = excluded.style_id, code = excluded.code, name = excluded.name, version = excluded.version, status = excluded.status, season = excluded.season, source = excluded.source, summary = excluded.summary;
INSERT INTO samples (id, style_id, supplier_id, round, kind, status, requested_at, received_at, notes) VALUES ('smp_demo_tng_fit', 'sty_tangier_trouser', 'sup_ma_vita', 2, 'fit', 'approved', '2026-05-28', '2026-06-12', 'Fit approved on the 32. Rise sits exactly on the tech pack line.') ON CONFLICT(id) DO UPDATE SET style_id = excluded.style_id, supplier_id = excluded.supplier_id, round = excluded.round, kind = excluded.kind, status = excluded.status, requested_at = excluded.requested_at, received_at = excluded.received_at, notes = excluded.notes;
INSERT INTO samples (id, style_id, supplier_id, round, kind, status, requested_at, received_at, notes) VALUES ('smp_demo_tng_pp', 'sty_tangier_trouser', 'sup_ma_vita', 3, 'pp', 'approved', '2026-06-18', '2026-07-02', 'PP approved — buttonhole density corrected. Cleared for bulk cut.') ON CONFLICT(id) DO UPDATE SET style_id = excluded.style_id, supplier_id = excluded.supplier_id, round = excluded.round, kind = excluded.kind, status = excluded.status, requested_at = excluded.requested_at, received_at = excluded.received_at, notes = excluded.notes;
INSERT INTO samples (id, style_id, supplier_id, round, kind, status, requested_at, received_at, notes) VALUES ('smp_demo_saa_fit', 'sty_saadia_dress', 'sup_ma_ateliermarrakech', 2, 'fit', 'revisions_needed', '2026-06-20', '2026-07-08', 'Armhole 8mm high, waist dart pulls, hem breaks long. Round 3 requested.') ON CONFLICT(id) DO UPDATE SET style_id = excluded.style_id, supplier_id = excluded.supplier_id, round = excluded.round, kind = excluded.kind, status = excluded.status, requested_at = excluded.requested_at, received_at = excluded.received_at, notes = excluded.notes;
INSERT INTO samples (id, style_id, supplier_id, round, kind, status, requested_at, received_at, notes) VALUES ('smp_demo_cor_proto', 'sty_corniche_polo', 'sup_coupe_cousu', 1, 'proto', 'approved', '2026-06-02', '2026-06-16', 'Collar roll is right first try. Terry weight confirmed at 320gsm.') ON CONFLICT(id) DO UPDATE SET style_id = excluded.style_id, supplier_id = excluded.supplier_id, round = excluded.round, kind = excluded.kind, status = excluded.status, requested_at = excluded.requested_at, received_at = excluded.received_at, notes = excluded.notes;
INSERT INTO samples (id, style_id, supplier_id, round, kind, status, requested_at, received_at, notes) VALUES ('smp_demo_cor_sms', 'sty_corniche_polo', 'sup_coupe_cousu', 2, 'sms', 'in_review', '2026-06-24', '2026-07-09', 'Salesman samples in both colourways — Navy lab dip half-shade warm.') ON CONFLICT(id) DO UPDATE SET style_id = excluded.style_id, supplier_id = excluded.supplier_id, round = excluded.round, kind = excluded.kind, status = excluded.status, requested_at = excluded.requested_at, received_at = excluded.received_at, notes = excluded.notes;
INSERT INTO samples (id, style_id, supplier_id, round, kind, status, requested_at, received_at, notes) VALUES ('smp_demo_anfa_proto', 'sty_anfa_trouser', 'sup_ma_vita', 1, 'proto', 'approved', '2026-05-15', '2026-06-01', 'Pocket bag twist noted and fixed in tech pack v2.') ON CONFLICT(id) DO UPDATE SET style_id = excluded.style_id, supplier_id = excluded.supplier_id, round = excluded.round, kind = excluded.kind, status = excluded.status, requested_at = excluded.requested_at, received_at = excluded.received_at, notes = excluded.notes;
INSERT INTO samples (id, style_id, supplier_id, round, kind, status, requested_at, received_at, notes) VALUES ('smp_demo_anfa_fit', 'sty_anfa_trouser', 'sup_ma_cotexma', 2, 'fit', 'shipped', '2026-06-30', NULL, 'Second-source fit sample — DHL AWB 774-2211 8837, due Monday.') ON CONFLICT(id) DO UPDATE SET style_id = excluded.style_id, supplier_id = excluded.supplier_id, round = excluded.round, kind = excluded.kind, status = excluded.status, requested_at = excluded.requested_at, received_at = excluded.received_at, notes = excluded.notes;
INSERT INTO samples (id, style_id, supplier_id, round, kind, status, requested_at, received_at, notes) VALUES ('smp_demo_med_proto', 'sty_medina_overshirt', 'sup_ma_vita', 1, 'proto', 'received', '2026-06-25', '2026-07-10', 'Arrived yesterday. Review booked for Monday''s fit session.') ON CONFLICT(id) DO UPDATE SET style_id = excluded.style_id, supplier_id = excluded.supplier_id, round = excluded.round, kind = excluded.kind, status = excluded.status, requested_at = excluded.requested_at, received_at = excluded.received_at, notes = excluded.notes;
INSERT INTO samples (id, style_id, supplier_id, round, kind, status, requested_at, received_at, notes) VALUES ('smp_demo_lei_proto', 'sty_leila_halter', 'sup_ma_flores', 1, 'proto', 'requested', '2026-07-05', NULL, 'Awaiting chambray delivery to Tangier before cutting.') ON CONFLICT(id) DO UPDATE SET style_id = excluded.style_id, supplier_id = excluded.supplier_id, round = excluded.round, kind = excluded.kind, status = excluded.status, requested_at = excluded.requested_at, received_at = excluded.received_at, notes = excluded.notes;
INSERT INTO samples (id, style_id, supplier_id, round, kind, status, requested_at, received_at, notes) VALUES ('smp_demo_oua_pp', 'sty_oualidia_set', 'sup_ma_vita', 3, 'pp', 'in_progress', '2026-07-01', NULL, 'PP under way alongside the CMT quote sharpening.') ON CONFLICT(id) DO UPDATE SET style_id = excluded.style_id, supplier_id = excluded.supplier_id, round = excluded.round, kind = excluded.kind, status = excluded.status, requested_at = excluded.requested_at, received_at = excluded.received_at, notes = excluded.notes;
INSERT INTO production_orders (id, po_number, supplier_id, status, currency, total_cost_cents, issue_date, ex_factory_date, received_date, incoterms, notes) VALUES ('po_demo_002', 'PO-2026-002', 'sup_ma_vita', 'in_production', 'EUR', 1093500, '2026-06-20', '2026-08-22', NULL, 'FOB Tanger Med', 'Tangier Trouser bulk — both colourways. PP approved 2 Jul.') ON CONFLICT(id) DO UPDATE SET po_number = excluded.po_number, supplier_id = excluded.supplier_id, status = excluded.status, currency = excluded.currency, total_cost_cents = excluded.total_cost_cents, issue_date = excluded.issue_date, ex_factory_date = excluded.ex_factory_date, received_date = excluded.received_date, incoterms = excluded.incoterms, notes = excluded.notes;
INSERT INTO production_orders (id, po_number, supplier_id, status, currency, total_cost_cents, issue_date, ex_factory_date, received_date, incoterms, notes) VALUES ('po_demo_003', 'PO-2026-003', 'sup_coupe_cousu', 'confirmed', 'EUR', 630000, '2026-06-24', '2026-08-29', NULL, 'FOB Casablanca', 'Corniche Polo first run. Navy lab dip resubmission due before cut.') ON CONFLICT(id) DO UPDATE SET po_number = excluded.po_number, supplier_id = excluded.supplier_id, status = excluded.status, currency = excluded.currency, total_cost_cents = excluded.total_cost_cents, issue_date = excluded.issue_date, ex_factory_date = excluded.ex_factory_date, received_date = excluded.received_date, incoterms = excluded.incoterms, notes = excluded.notes;
INSERT INTO production_orders (id, po_number, supplier_id, status, currency, total_cost_cents, issue_date, ex_factory_date, received_date, incoterms, notes) VALUES ('po_demo_004', 'PO-2026-004', 'sup_ma_ateliermarrakech', 'sent', 'EUR', 425000, '2026-07-08', '2026-09-12', NULL, 'EXW Marrakech', 'Saadia Maxi pilot — contingent on fit round 3 approval.') ON CONFLICT(id) DO UPDATE SET po_number = excluded.po_number, supplier_id = excluded.supplier_id, status = excluded.status, currency = excluded.currency, total_cost_cents = excluded.total_cost_cents, issue_date = excluded.issue_date, ex_factory_date = excluded.ex_factory_date, received_date = excluded.received_date, incoterms = excluded.incoterms, notes = excluded.notes;
INSERT INTO production_orders (id, po_number, supplier_id, status, currency, total_cost_cents, issue_date, ex_factory_date, received_date, incoterms, notes) VALUES ('po_demo_005', 'PO-2026-005', 'sup_ma_vita', 'received', 'EUR', 258000, '2026-04-14', '2026-06-05', '2026-06-11', 'FOB Tanger Med', 'Anfa Trouser pilot run of 120 — reconciled, 2 seconds.') ON CONFLICT(id) DO UPDATE SET po_number = excluded.po_number, supplier_id = excluded.supplier_id, status = excluded.status, currency = excluded.currency, total_cost_cents = excluded.total_cost_cents, issue_date = excluded.issue_date, ex_factory_date = excluded.ex_factory_date, received_date = excluded.received_date, incoterms = excluded.incoterms, notes = excluded.notes;
INSERT INTO production_orders (id, po_number, supplier_id, status, currency, total_cost_cents, issue_date, ex_factory_date, received_date, incoterms, notes) VALUES ('po_demo_006', 'PO-2026-006', 'sup_hitex', 'draft', 'EUR', 312000, NULL, '2026-10-15', NULL, 'FOB Casablanca', 'Essaouira Coverup cruise run — drafted from the approved sample automation.') ON CONFLICT(id) DO UPDATE SET po_number = excluded.po_number, supplier_id = excluded.supplier_id, status = excluded.status, currency = excluded.currency, total_cost_cents = excluded.total_cost_cents, issue_date = excluded.issue_date, ex_factory_date = excluded.ex_factory_date, received_date = excluded.received_date, incoterms = excluded.incoterms, notes = excluded.notes;
INSERT INTO production_order_items (id, production_order_id, style_id, description, quantity, unit_cost_cents, currency, size_breakdown) VALUES ('poi_demo_002a', 'po_demo_002', 'sty_tangier_trouser', 'Tangier Trouser — Sand', 250, 2430, 'EUR', '{"30":60,"32":110,"34":80}') ON CONFLICT(id) DO UPDATE SET production_order_id = excluded.production_order_id, style_id = excluded.style_id, description = excluded.description, quantity = excluded.quantity, unit_cost_cents = excluded.unit_cost_cents, currency = excluded.currency, size_breakdown = excluded.size_breakdown;
INSERT INTO production_order_items (id, production_order_id, style_id, description, quantity, unit_cost_cents, currency, size_breakdown) VALUES ('poi_demo_002b', 'po_demo_002', 'sty_tangier_trouser', 'Tangier Trouser — Deep Navy', 200, 2430, 'EUR', '{"30":50,"32":90,"34":60}') ON CONFLICT(id) DO UPDATE SET production_order_id = excluded.production_order_id, style_id = excluded.style_id, description = excluded.description, quantity = excluded.quantity, unit_cost_cents = excluded.unit_cost_cents, currency = excluded.currency, size_breakdown = excluded.size_breakdown;
INSERT INTO production_order_items (id, production_order_id, style_id, description, quantity, unit_cost_cents, currency, size_breakdown) VALUES ('poi_demo_003a', 'po_demo_003', 'sty_corniche_polo', 'Corniche Polo — Cream', 350, 1800, 'EUR', '{"S":90,"M":160,"L":100}') ON CONFLICT(id) DO UPDATE SET production_order_id = excluded.production_order_id, style_id = excluded.style_id, description = excluded.description, quantity = excluded.quantity, unit_cost_cents = excluded.unit_cost_cents, currency = excluded.currency, size_breakdown = excluded.size_breakdown;
INSERT INTO production_order_items (id, production_order_id, style_id, description, quantity, unit_cost_cents, currency, size_breakdown) VALUES ('poi_demo_004a', 'po_demo_004', 'sty_saadia_dress', 'Saadia Maxi — Terracotta pilot', 170, 2500, 'EUR', '{"S":70,"M":100}') ON CONFLICT(id) DO UPDATE SET production_order_id = excluded.production_order_id, style_id = excluded.style_id, description = excluded.description, quantity = excluded.quantity, unit_cost_cents = excluded.unit_cost_cents, currency = excluded.currency, size_breakdown = excluded.size_breakdown;
INSERT INTO production_order_items (id, production_order_id, style_id, description, quantity, unit_cost_cents, currency, size_breakdown) VALUES ('poi_demo_005a', 'po_demo_005', 'sty_anfa_trouser', 'Anfa Trouser — Bark pilot', 120, 2150, 'EUR', '{"32":120}') ON CONFLICT(id) DO UPDATE SET production_order_id = excluded.production_order_id, style_id = excluded.style_id, description = excluded.description, quantity = excluded.quantity, unit_cost_cents = excluded.unit_cost_cents, currency = excluded.currency, size_breakdown = excluded.size_breakdown;
INSERT INTO production_order_items (id, production_order_id, style_id, description, quantity, unit_cost_cents, currency, size_breakdown) VALUES ('poi_demo_006a', 'po_demo_006', 'sty_essaouira_crochet', 'Essaouira Coverup — Cream', 400, 780, 'EUR', '{"OS":400}') ON CONFLICT(id) DO UPDATE SET production_order_id = excluded.production_order_id, style_id = excluded.style_id, description = excluded.description, quantity = excluded.quantity, unit_cost_cents = excluded.unit_cost_cents, currency = excluded.currency, size_breakdown = excluded.size_breakdown;
INSERT INTO production_tasks (id, title, stage_id, status, owner, style_id, supplier_id, production_order_id, due_date, completed_at, risk_flag, notes) VALUES ('task_demo_01', 'Approve Saadia fit round 3', 'stage_sample_review', 'in_progress', 'Amina', 'sty_saadia_dress', 'sup_ma_ateliermarrakech', NULL, '2026-07-18', NULL, 1, 'PO-2026-004 is gated on this — atelier holding capacity until the 20th.') ON CONFLICT(id) DO UPDATE SET title = excluded.title, stage_id = excluded.stage_id, status = excluded.status, owner = excluded.owner, style_id = excluded.style_id, supplier_id = excluded.supplier_id, production_order_id = excluded.production_order_id, due_date = excluded.due_date, completed_at = excluded.completed_at, risk_flag = excluded.risk_flag, notes = excluded.notes;
INSERT INTO production_tasks (id, title, stage_id, status, owner, style_id, supplier_id, production_order_id, due_date, completed_at, risk_flag, notes) VALUES ('task_demo_02', 'Navy terry lab dip re-approval', 'stage_fabric_sourcing', 'in_progress', 'Amina', 'sty_corniche_polo', 'sup_coupe_cousu', 'po_demo_003', '2026-07-15', NULL, 1, 'Half-shade warm. Cut date slips if not closed this week.') ON CONFLICT(id) DO UPDATE SET title = excluded.title, stage_id = excluded.stage_id, status = excluded.status, owner = excluded.owner, style_id = excluded.style_id, supplier_id = excluded.supplier_id, production_order_id = excluded.production_order_id, due_date = excluded.due_date, completed_at = excluded.completed_at, risk_flag = excluded.risk_flag, notes = excluded.notes;
INSERT INTO production_tasks (id, title, stage_id, status, owner, style_id, supplier_id, production_order_id, due_date, completed_at, risk_flag, notes) VALUES ('task_demo_03', 'Chase PO-2026-002 ex-factory', 'stage_bulk_production', 'todo', 'Yousef', 'sty_tangier_trouser', 'sup_ma_vita', 'po_demo_002', '2026-08-22', NULL, 0, 'Filed automatically when the order was confirmed.') ON CONFLICT(id) DO UPDATE SET title = excluded.title, stage_id = excluded.stage_id, status = excluded.status, owner = excluded.owner, style_id = excluded.style_id, supplier_id = excluded.supplier_id, production_order_id = excluded.production_order_id, due_date = excluded.due_date, completed_at = excluded.completed_at, risk_flag = excluded.risk_flag, notes = excluded.notes;
INSERT INTO production_tasks (id, title, stage_id, status, owner, style_id, supplier_id, production_order_id, due_date, completed_at, risk_flag, notes) VALUES ('task_demo_04', 'Inline QC visit — Tangier bulk', 'stage_qc', 'todo', 'Yousef', 'sty_tangier_trouser', 'sup_ma_vita', 'po_demo_002', '2026-08-05', NULL, 0, 'Book the Tanger Med trip alongside the Vita PP review.') ON CONFLICT(id) DO UPDATE SET title = excluded.title, stage_id = excluded.stage_id, status = excluded.status, owner = excluded.owner, style_id = excluded.style_id, supplier_id = excluded.supplier_id, production_order_id = excluded.production_order_id, due_date = excluded.due_date, completed_at = excluded.completed_at, risk_flag = excluded.risk_flag, notes = excluded.notes;
INSERT INTO production_tasks (id, title, stage_id, status, owner, style_id, supplier_id, production_order_id, due_date, completed_at, risk_flag, notes) VALUES ('task_demo_05', 'Gauge swatch from crochet cooperative', 'stage_sampling', 'todo', 'Claire', 'sty_essaouira_crochet', 'sup_hitex', NULL, '2026-07-25', NULL, 0, 'Blocks the stitch diagrams in the cruise tech pack.') ON CONFLICT(id) DO UPDATE SET title = excluded.title, stage_id = excluded.stage_id, status = excluded.status, owner = excluded.owner, style_id = excluded.style_id, supplier_id = excluded.supplier_id, production_order_id = excluded.production_order_id, due_date = excluded.due_date, completed_at = excluded.completed_at, risk_flag = excluded.risk_flag, notes = excluded.notes;
INSERT INTO production_tasks (id, title, stage_id, status, owner, style_id, supplier_id, production_order_id, due_date, completed_at, risk_flag, notes) VALUES ('task_demo_06', 'Medina proto review — Monday fit session', 'stage_sample_review', 'todo', 'Amina', 'sty_medina_overshirt', 'sup_ma_vita', NULL, '2026-07-14', NULL, 0, NULL) ON CONFLICT(id) DO UPDATE SET title = excluded.title, stage_id = excluded.stage_id, status = excluded.status, owner = excluded.owner, style_id = excluded.style_id, supplier_id = excluded.supplier_id, production_order_id = excluded.production_order_id, due_date = excluded.due_date, completed_at = excluded.completed_at, risk_flag = excluded.risk_flag, notes = excluded.notes;
INSERT INTO production_tasks (id, title, stage_id, status, owner, style_id, supplier_id, production_order_id, due_date, completed_at, risk_flag, notes) VALUES ('task_demo_07', 'Reserve October crochet capacity', 'stage_factory_briefings', 'in_progress', 'Claire', 'sty_essaouira_crochet', 'sup_hitex', 'po_demo_006', '2026-07-20', NULL, 0, '400 units for cruise; cooperative confirms after Eid.') ON CONFLICT(id) DO UPDATE SET title = excluded.title, stage_id = excluded.stage_id, status = excluded.status, owner = excluded.owner, style_id = excluded.style_id, supplier_id = excluded.supplier_id, production_order_id = excluded.production_order_id, due_date = excluded.due_date, completed_at = excluded.completed_at, risk_flag = excluded.risk_flag, notes = excluded.notes;
INSERT INTO production_tasks (id, title, stage_id, status, owner, style_id, supplier_id, production_order_id, due_date, completed_at, risk_flag, notes) VALUES ('task_demo_08', 'Oualidia CMT quote decision', 'stage_factory_briefings', 'todo', 'Yousef', 'sty_oualidia_set', 'sup_ma_vita', NULL, '2026-07-16', NULL, 0, '61 vs 54 MAD/set — decide run size with the cash-flow view open.') ON CONFLICT(id) DO UPDATE SET title = excluded.title, stage_id = excluded.stage_id, status = excluded.status, owner = excluded.owner, style_id = excluded.style_id, supplier_id = excluded.supplier_id, production_order_id = excluded.production_order_id, due_date = excluded.due_date, completed_at = excluded.completed_at, risk_flag = excluded.risk_flag, notes = excluded.notes;
INSERT INTO production_tasks (id, title, stage_id, status, owner, style_id, supplier_id, production_order_id, due_date, completed_at, risk_flag, notes) VALUES ('task_demo_09', 'Ship SMS set to Paris showroom', 'stage_launch', 'todo', 'Claire', 'sty_corniche_polo', NULL, NULL, '2026-07-22', NULL, 0, 'Both colourways plus the Tangier PP pair.') ON CONFLICT(id) DO UPDATE SET title = excluded.title, stage_id = excluded.stage_id, status = excluded.status, owner = excluded.owner, style_id = excluded.style_id, supplier_id = excluded.supplier_id, production_order_id = excluded.production_order_id, due_date = excluded.due_date, completed_at = excluded.completed_at, risk_flag = excluded.risk_flag, notes = excluded.notes;
INSERT INTO production_tasks (id, title, stage_id, status, owner, style_id, supplier_id, production_order_id, due_date, completed_at, risk_flag, notes) VALUES ('task_demo_10', 'Reconcile PO-2026-005 delivery', 'stage_qc', 'done', 'Yousef', 'sty_anfa_trouser', 'sup_ma_vita', 'po_demo_005', '2026-06-13', '2026-06-12 17:20:00', 0, '118 firsts, 2 seconds — stock updated.') ON CONFLICT(id) DO UPDATE SET title = excluded.title, stage_id = excluded.stage_id, status = excluded.status, owner = excluded.owner, style_id = excluded.style_id, supplier_id = excluded.supplier_id, production_order_id = excluded.production_order_id, due_date = excluded.due_date, completed_at = excluded.completed_at, risk_flag = excluded.risk_flag, notes = excluded.notes;
INSERT INTO production_tasks (id, title, stage_id, status, owner, style_id, supplier_id, production_order_id, due_date, completed_at, risk_flag, notes) VALUES ('task_demo_11', 'Update Anfa tech pack to v2', 'stage_tech_packs', 'done', 'Amina', 'sty_anfa_trouser', NULL, NULL, '2026-06-08', '2026-06-06 11:02:00', 0, 'Pocket-bag twist fix from proto.') ON CONFLICT(id) DO UPDATE SET title = excluded.title, stage_id = excluded.stage_id, status = excluded.status, owner = excluded.owner, style_id = excluded.style_id, supplier_id = excluded.supplier_id, production_order_id = excluded.production_order_id, due_date = excluded.due_date, completed_at = excluded.completed_at, risk_flag = excluded.risk_flag, notes = excluded.notes;
INSERT INTO production_tasks (id, title, stage_id, status, owner, style_id, supplier_id, production_order_id, due_date, completed_at, risk_flag, notes) VALUES ('task_demo_12', 'Leila chambray delivery to Tangier', 'stage_fabric_sourcing', 'in_progress', 'Yousef', 'sty_leila_halter', 'sup_ma_flores', NULL, '2026-07-17', NULL, 0, '90m reserved; agent invoicing this week.') ON CONFLICT(id) DO UPDATE SET title = excluded.title, stage_id = excluded.stage_id, status = excluded.status, owner = excluded.owner, style_id = excluded.style_id, supplier_id = excluded.supplier_id, production_order_id = excluded.production_order_id, due_date = excluded.due_date, completed_at = excluded.completed_at, risk_flag = excluded.risk_flag, notes = excluded.notes;
INSERT INTO production_tasks (id, title, stage_id, status, owner, style_id, supplier_id, production_order_id, due_date, completed_at, risk_flag, notes) VALUES ('task_demo_13', 'SS27 lookbook shot list', 'stage_launch', 'todo', 'Claire', NULL, NULL, NULL, '2026-08-01', NULL, 0, 'Essaouira location scout — golden hour on the ramparts.') ON CONFLICT(id) DO UPDATE SET title = excluded.title, stage_id = excluded.stage_id, status = excluded.status, owner = excluded.owner, style_id = excluded.style_id, supplier_id = excluded.supplier_id, production_order_id = excluded.production_order_id, due_date = excluded.due_date, completed_at = excluded.completed_at, risk_flag = excluded.risk_flag, notes = excluded.notes;
INSERT INTO production_calendar_events (id, title, kind, stage_id, starts_on, ends_on, style_id, supplier_id, notes) VALUES ('cal_demo_01', 'Tangier bulk window', 'window', 'stage_bulk_production', '2026-07-14', '2026-08-22', 'sty_tangier_trouser', 'sup_ma_vita', NULL) ON CONFLICT(id) DO UPDATE SET title = excluded.title, kind = excluded.kind, stage_id = excluded.stage_id, starts_on = excluded.starts_on, ends_on = excluded.ends_on, style_id = excluded.style_id, supplier_id = excluded.supplier_id, notes = excluded.notes;
INSERT INTO production_calendar_events (id, title, kind, stage_id, starts_on, ends_on, style_id, supplier_id, notes) VALUES ('cal_demo_02', 'Paris showroom week', 'milestone', 'stage_launch', '2026-09-02', '2026-09-06', NULL, NULL, 'SMS sets must land by 28 Aug.') ON CONFLICT(id) DO UPDATE SET title = excluded.title, kind = excluded.kind, stage_id = excluded.stage_id, starts_on = excluded.starts_on, ends_on = excluded.ends_on, style_id = excluded.style_id, supplier_id = excluded.supplier_id, notes = excluded.notes;
INSERT INTO production_calendar_events (id, title, kind, stage_id, starts_on, ends_on, style_id, supplier_id, notes) VALUES ('cal_demo_03', 'Cruise 27 line freeze', 'deadline', 'stage_tech_packs', '2026-08-15', NULL, NULL, NULL, NULL) ON CONFLICT(id) DO UPDATE SET title = excluded.title, kind = excluded.kind, stage_id = excluded.stage_id, starts_on = excluded.starts_on, ends_on = excluded.ends_on, style_id = excluded.style_id, supplier_id = excluded.supplier_id, notes = excluded.notes;
INSERT INTO clients (id, name, email, phone, style_notes, status) VALUES ('cli_demo_amira', 'Amira El Fassi', 'amira.elfassi@example.com', '+212 661-234567', 'Prefers high closed necklines, no visible zips. Warm palette — terracotta, saffron.', 'active') ON CONFLICT(id) DO UPDATE SET name = excluded.name, email = excluded.email, phone = excluded.phone, style_notes = excluded.style_notes, status = excluded.status;
INSERT INTO clients (id, name, email, phone, style_notes, status) VALUES ('cli_demo_claire', 'Claire Fontaine', 'claire.fontaine@example.com', '+33 6 12 34 56 78', 'Paris gallery director. Sharp tailoring, always trousers, 90s YSL references.', 'active') ON CONFLICT(id) DO UPDATE SET name = excluded.name, email = excluded.email, phone = excluded.phone, style_notes = excluded.style_notes, status = excluded.status;
INSERT INTO clients (id, name, email, phone, style_notes, status) VALUES ('cli_demo_sofia', 'Sofia Marchetti', 'sofia.marchetti@example.com', '+39 340 123 4567', 'Bias-cut everything. Bringing her mother''s vintage silk for the anniversary dress.', 'active') ON CONFLICT(id) DO UPDATE SET name = excluded.name, email = excluded.email, phone = excluded.phone, style_notes = excluded.style_notes, status = excluded.status;
INSERT INTO clients (id, name, email, phone, style_notes, status) VALUES ('cli_demo_nadia', 'Nadia Benjelloun', 'nadia.b@example.com', '+212 662-998877', 'Wedding season regular — three events this autumn. Loves the Saadia silhouette.', 'active') ON CONFLICT(id) DO UPDATE SET name = excluded.name, email = excluded.email, phone = excluded.phone, style_notes = excluded.style_notes, status = excluded.status;
INSERT INTO clients (id, name, email, phone, style_notes, status) VALUES ('cli_demo_ines', 'Inès Laurent', 'ines.laurent@example.com', '+33 7 88 99 00 11', 'First commission. Found us through the Corniche Polo. Wants a linen suit for Arles.', 'active') ON CONFLICT(id) DO UPDATE SET name = excluded.name, email = excluded.email, phone = excluded.phone, style_notes = excluded.style_notes, status = excluded.status;
INSERT INTO clients (id, name, email, phone, style_notes, status) VALUES ('cli_demo_yasmine', 'Yasmine Tazi', 'yasmine.tazi@example.com', '+212 663-445566', 'Petite grading — everything shortened 4cm from the block. Keeps a standing quarterly order.', 'active') ON CONFLICT(id) DO UPDATE SET name = excluded.name, email = excluded.email, phone = excluded.phone, style_notes = excluded.style_notes, status = excluded.status;
INSERT INTO clients (id, name, email, phone, style_notes, status) VALUES ('cli_demo_marcus', 'Marcus Webb', 'marcus.webb@example.com', '+44 7700 900123', 'London architect. Two Medina overshirts a year, always Chalk, always M-long.', 'active') ON CONFLICT(id) DO UPDATE SET name = excluded.name, email = excluded.email, phone = excluded.phone, style_notes = excluded.style_notes, status = excluded.status;
INSERT INTO clients (id, name, email, phone, style_notes, status) VALUES ('cli_demo_leonor', 'Leonor Duarte', 'leonor.duarte@example.com', '+351 912 345 678', 'Archived after relocation — kept measurements on file at her request.', 'archived') ON CONFLICT(id) DO UPDATE SET name = excluded.name, email = excluded.email, phone = excluded.phone, style_notes = excluded.style_notes, status = excluded.status;
INSERT INTO client_measurements (id, client_id, taken_at, measurements_json, note) VALUES ('cm_demo_amira', 'cli_demo_amira', '2026-05-20 10:00:00', '{"chestCm":92,"waistCm":74,"hipsCm":101,"heightCm":168,"shoulderToShoulderCm":39,"shoulderToWristCm":56,"inseamCm":76,"seatCm":103}', 'Taken at spring consult — allow for the September fitting.') ON CONFLICT(id) DO UPDATE SET client_id = excluded.client_id, taken_at = excluded.taken_at, measurements_json = excluded.measurements_json, note = excluded.note;
INSERT INTO client_measurements (id, client_id, taken_at, measurements_json, note) VALUES ('cm_demo_claire', 'cli_demo_claire', '2026-06-11 14:30:00', '{"chestCm":88,"waistCm":70,"hipsCm":96,"heightCm":175,"shoulderToShoulderCm":41,"shoulderToWristCm":59,"inseamCm":82,"waistToFloorCm":108}', 'Trouser block confirmed against the Tangier 32.') ON CONFLICT(id) DO UPDATE SET client_id = excluded.client_id, taken_at = excluded.taken_at, measurements_json = excluded.measurements_json, note = excluded.note;
INSERT INTO client_measurements (id, client_id, taken_at, measurements_json, note) VALUES ('cm_demo_sofia', 'cli_demo_sofia', '2026-06-28 11:15:00', '{"chestCm":95,"waistCm":78,"hipsCm":104,"heightCm":163,"shoulderToShoulderCm":38,"neckCm":34}', 'Bias work — took the full set standing and seated.') ON CONFLICT(id) DO UPDATE SET client_id = excluded.client_id, taken_at = excluded.taken_at, measurements_json = excluded.measurements_json, note = excluded.note;
INSERT INTO client_measurements (id, client_id, taken_at, measurements_json, note) VALUES ('cm_demo_yasmine', 'cli_demo_yasmine', '2026-04-02 09:45:00', '{"chestCm":84,"waistCm":66,"hipsCm":92,"heightCm":155,"shoulderToShoulderCm":36,"shoulderToWristCm":52,"inseamCm":68}', 'Petite block -4cm confirmed. Re-measure in October.') ON CONFLICT(id) DO UPDATE SET client_id = excluded.client_id, taken_at = excluded.taken_at, measurements_json = excluded.measurements_json, note = excluded.note;
INSERT INTO client_measurements (id, client_id, taken_at, measurements_json, note) VALUES ('cm_demo_marcus', 'cli_demo_marcus', '2026-03-15 16:00:00', '{"chestCm":104,"waistCm":88,"heightCm":186,"shoulderToShoulderCm":47,"shoulderToWristCm":64,"neckCm":41,"bicepsCm":33}', 'M-long torso confirmed — +3cm body length on the overshirt block.') ON CONFLICT(id) DO UPDATE SET client_id = excluded.client_id, taken_at = excluded.taken_at, measurements_json = excluded.measurements_json, note = excluded.note;
INSERT INTO commissions (id, client_id, title, kind, stage, style_id, brief_md, due_at, price_cents, client_approved_at) VALUES ('com_demo_gala', 'cli_demo_amira', 'Saffron gala kaftan', 'commission', 'fitting', 'sty_saadia_dress', 'Floor-length kaftan off the Saadia block. Saffron crepe, closed neckline, hand-finished sfifa braid at cuffs.

Event: Fondation gala, **26 Sep**.', '2026-09-18', 340000, '2026-06-02 12:00:00') ON CONFLICT(id) DO UPDATE SET client_id = excluded.client_id, title = excluded.title, kind = excluded.kind, stage = excluded.stage, style_id = excluded.style_id, brief_md = excluded.brief_md, due_at = excluded.due_at, price_cents = excluded.price_cents, client_approved_at = excluded.client_approved_at;
INSERT INTO commissions (id, client_id, title, kind, stage, style_id, brief_md, due_at, price_cents, client_approved_at) VALUES ('com_demo_suit', 'cli_demo_claire', 'Ivory linen trouser suit', 'commission', 'cutting', 'sty_tangier_trouser', 'Two-piece in the Libeco linen — Tangier trouser base with a strong-shoulder jacket. No lining below the yoke.', '2026-08-30', 420000, '2026-06-20 10:00:00') ON CONFLICT(id) DO UPDATE SET client_id = excluded.client_id, title = excluded.title, kind = excluded.kind, stage = excluded.stage, style_id = excluded.style_id, brief_md = excluded.brief_md, due_at = excluded.due_at, price_cents = excluded.price_cents, client_approved_at = excluded.client_approved_at;
INSERT INTO commissions (id, client_id, title, kind, stage, style_id, brief_md, due_at, price_cents, client_approved_at) VALUES ('com_demo_anniv', 'cli_demo_sofia', 'Anniversary bias dress (heirloom silk)', 'commission', 'design', NULL, 'Rebuild of her mother''s 1968 dress in the client''s own silk — 4.2m available, zero remnant tolerance. Toile first in matched-weight crepe.', '2026-10-10', 280000, NULL) ON CONFLICT(id) DO UPDATE SET client_id = excluded.client_id, title = excluded.title, kind = excluded.kind, stage = excluded.stage, style_id = excluded.style_id, brief_md = excluded.brief_md, due_at = excluded.due_at, price_cents = excluded.price_cents, client_approved_at = excluded.client_approved_at;
INSERT INTO commissions (id, client_id, title, kind, stage, style_id, brief_md, due_at, price_cents, client_approved_at) VALUES ('com_demo_wedding', 'cli_demo_nadia', 'Wedding-guest set — October', 'commission', 'fabric', 'sty_oualidia_set', 'Oualidia set in dusty rose with a longer midi skirt and matching stole. Second of three autumn events.', '2026-10-02', 190000, '2026-07-05 17:30:00') ON CONFLICT(id) DO UPDATE SET client_id = excluded.client_id, title = excluded.title, kind = excluded.kind, stage = excluded.stage, style_id = excluded.style_id, brief_md = excluded.brief_md, due_at = excluded.due_at, price_cents = excluded.price_cents, client_approved_at = excluded.client_approved_at;
INSERT INTO commissions (id, client_id, title, kind, stage, style_id, brief_md, due_at, price_cents, client_approved_at) VALUES ('com_demo_arles', 'cli_demo_ines', 'Arles linen suit', 'commission', 'consult', NULL, 'First consult booked — relaxed linen suit for the July festival next year. Photographs of references received.', '2027-06-15', NULL, NULL) ON CONFLICT(id) DO UPDATE SET client_id = excluded.client_id, title = excluded.title, kind = excluded.kind, stage = excluded.stage, style_id = excluded.style_id, brief_md = excluded.brief_md, due_at = excluded.due_at, price_cents = excluded.price_cents, client_approved_at = excluded.client_approved_at;
INSERT INTO commissions (id, client_id, title, kind, stage, style_id, brief_md, due_at, price_cents, client_approved_at) VALUES ('com_demo_hem', 'cli_demo_yasmine', 'Anfa trouser re-hem + waist', 'alteration', 'delivery', 'sty_anfa_trouser', 'Standing quarterly alteration — take the new pair to her block: -4cm hem, -1cm waist.', '2026-07-15', 9500, '2026-07-01 09:00:00') ON CONFLICT(id) DO UPDATE SET client_id = excluded.client_id, title = excluded.title, kind = excluded.kind, stage = excluded.stage, style_id = excluded.style_id, brief_md = excluded.brief_md, due_at = excluded.due_at, price_cents = excluded.price_cents, client_approved_at = excluded.client_approved_at;
INSERT INTO commission_payments (id, commission_id, label, amount_cents, status, paid_at, note) VALUES ('cpay_demo_01', 'com_demo_gala', 'Deposit (50%)', 170000, 'paid', '2026-06-03 09:21:00', NULL) ON CONFLICT(id) DO UPDATE SET commission_id = excluded.commission_id, label = excluded.label, amount_cents = excluded.amount_cents, status = excluded.status, paid_at = excluded.paid_at, note = excluded.note;
INSERT INTO commission_payments (id, commission_id, label, amount_cents, status, paid_at, note) VALUES ('cpay_demo_02', 'com_demo_suit', 'Deposit (50%)', 210000, 'paid', '2026-06-21 14:02:00', NULL) ON CONFLICT(id) DO UPDATE SET commission_id = excluded.commission_id, label = excluded.label, amount_cents = excluded.amount_cents, status = excluded.status, paid_at = excluded.paid_at, note = excluded.note;
INSERT INTO commission_payments (id, commission_id, label, amount_cents, status, paid_at, note) VALUES ('cpay_demo_03', 'com_demo_suit', 'Balance', 210000, 'requested', NULL, 'Requested at cutting — due before final fitting.') ON CONFLICT(id) DO UPDATE SET commission_id = excluded.commission_id, label = excluded.label, amount_cents = excluded.amount_cents, status = excluded.status, paid_at = excluded.paid_at, note = excluded.note;
INSERT INTO commission_payments (id, commission_id, label, amount_cents, status, paid_at, note) VALUES ('cpay_demo_04', 'com_demo_wedding', 'Deposit (50%)', 95000, 'paid', '2026-07-06 11:47:00', NULL) ON CONFLICT(id) DO UPDATE SET commission_id = excluded.commission_id, label = excluded.label, amount_cents = excluded.amount_cents, status = excluded.status, paid_at = excluded.paid_at, note = excluded.note;
INSERT INTO commission_payments (id, commission_id, label, amount_cents, status, paid_at, note) VALUES ('cpay_demo_05', 'com_demo_hem', 'Alteration fee', 9500, 'requested', NULL, NULL) ON CONFLICT(id) DO UPDATE SET commission_id = excluded.commission_id, label = excluded.label, amount_cents = excluded.amount_cents, status = excluded.status, paid_at = excluded.paid_at, note = excluded.note;
INSERT INTO client_events (id, client_id, kind, subject, body_md, event_at, commission_id) VALUES ('cev_demo_01', 'cli_demo_amira', 'fitting', 'First fitting — kaftan toile', 'Toile fits through the shoulder; neckline sits exactly as briefed. Sleeve length +1cm. Second fitting 4 Sep.', '2026-07-08 15:00:00', 'com_demo_gala') ON CONFLICT(id) DO UPDATE SET client_id = excluded.client_id, kind = excluded.kind, subject = excluded.subject, body_md = excluded.body_md, event_at = excluded.event_at, commission_id = excluded.commission_id;
INSERT INTO client_events (id, client_id, kind, subject, body_md, event_at, commission_id) VALUES ('cev_demo_02', 'cli_demo_claire', 'consult', 'Jacket shoulder direction', 'Compared three shoulder references — settled on the soft-roped look. Cutting starts once canvas arrives.', '2026-07-03 11:00:00', 'com_demo_suit') ON CONFLICT(id) DO UPDATE SET client_id = excluded.client_id, kind = excluded.kind, subject = excluded.subject, body_md = excluded.body_md, event_at = excluded.event_at, commission_id = excluded.commission_id;
INSERT INTO client_events (id, client_id, kind, subject, body_md, event_at, commission_id) VALUES ('cev_demo_03', 'cli_demo_sofia', 'note', 'Heirloom silk received', '4.2m received and photographed. Two small water marks noted at the selvage — cutting plan will avoid.', '2026-07-09 10:30:00', 'com_demo_anniv') ON CONFLICT(id) DO UPDATE SET client_id = excluded.client_id, kind = excluded.kind, subject = excluded.subject, body_md = excluded.body_md, event_at = excluded.event_at, commission_id = excluded.commission_id;
INSERT INTO client_events (id, client_id, kind, subject, body_md, event_at, commission_id) VALUES ('cev_demo_04', 'cli_demo_ines', 'consult', 'First consult', 'Showed the Libeco linen and the Tangier fit. She wants trousers slightly cropped — booking measurements next week.', '2026-07-10 16:30:00', 'com_demo_arles') ON CONFLICT(id) DO UPDATE SET client_id = excluded.client_id, kind = excluded.kind, subject = excluded.subject, body_md = excluded.body_md, event_at = excluded.event_at, commission_id = excluded.commission_id;
INSERT INTO booking_requests (id, name, email, note, preferred_at, status, client_id, created_at) VALUES ('bkg_demo_01', 'Inès Laurent', 'ines.laurent@example.com', 'Measurement session for the Arles suit', '2026-07-17 15:00:00', 'new', 'cli_demo_ines', '2026-07-10 18:20:00') ON CONFLICT(id) DO UPDATE SET name = excluded.name, email = excluded.email, note = excluded.note, preferred_at = excluded.preferred_at, status = excluded.status, client_id = excluded.client_id, created_at = excluded.created_at;
INSERT INTO booking_requests (id, name, email, note, preferred_at, status, client_id, created_at) VALUES ('bkg_demo_02', 'Amira El Fassi', 'amira.elfassi@example.com', 'Second kaftan fitting', '2026-09-04 14:00:00', 'confirmed', 'cli_demo_amira', '2026-07-08 15:30:00') ON CONFLICT(id) DO UPDATE SET name = excluded.name, email = excluded.email, note = excluded.note, preferred_at = excluded.preferred_at, status = excluded.status, client_id = excluded.client_id, created_at = excluded.created_at;
INSERT INTO booking_requests (id, name, email, note, preferred_at, status, client_id, created_at) VALUES ('bkg_demo_03', 'New enquiry — Rim A.', 'rim.a@example.com', 'Interested in a made-to-measure Medina overshirt as a gift', '2026-07-21 10:00:00', 'new', NULL, '2026-07-11 08:05:00') ON CONFLICT(id) DO UPDATE SET name = excluded.name, email = excluded.email, note = excluded.note, preferred_at = excluded.preferred_at, status = excluded.status, client_id = excluded.client_id, created_at = excluded.created_at;
INSERT INTO booking_requests (id, name, email, note, preferred_at, status, client_id, created_at) VALUES ('bkg_demo_04', 'Marcus Webb', 'marcus.webb@example.com', 'Autumn overshirt pair — usual spec', '2026-07-19 09:30:00', 'confirmed', 'cli_demo_marcus', '2026-07-07 12:00:00') ON CONFLICT(id) DO UPDATE SET name = excluded.name, email = excluded.email, note = excluded.note, preferred_at = excluded.preferred_at, status = excluded.status, client_id = excluded.client_id, created_at = excluded.created_at;
INSERT INTO customers (id, email, name, country, marketing_opt_in) VALUES ('cus_demo_01', 'elena.rodriguez@example.com', 'Elena Rodríguez', 'ES', 1) ON CONFLICT(id) DO UPDATE SET email = excluded.email, name = excluded.name, country = excluded.country, marketing_opt_in = excluded.marketing_opt_in;
INSERT INTO customers (id, email, name, country, marketing_opt_in) VALUES ('cus_demo_02', 'james.okafor@example.com', 'James Okafor', 'GB', 1) ON CONFLICT(id) DO UPDATE SET email = excluded.email, name = excluded.name, country = excluded.country, marketing_opt_in = excluded.marketing_opt_in;
INSERT INTO customers (id, email, name, country, marketing_opt_in) VALUES ('cus_demo_03', 'haruka.sato@example.com', 'Haruka Sato', 'JP', 0) ON CONFLICT(id) DO UPDATE SET email = excluded.email, name = excluded.name, country = excluded.country, marketing_opt_in = excluded.marketing_opt_in;
INSERT INTO customers (id, email, name, country, marketing_opt_in) VALUES ('cus_demo_04', 'marie.dubois@example.com', 'Marie Dubois', 'FR', 1) ON CONFLICT(id) DO UPDATE SET email = excluded.email, name = excluded.name, country = excluded.country, marketing_opt_in = excluded.marketing_opt_in;
INSERT INTO customers (id, email, name, country, marketing_opt_in) VALUES ('cus_demo_05', 'david.chen@example.com', 'David Chen', 'US', 1) ON CONFLICT(id) DO UPDATE SET email = excluded.email, name = excluded.name, country = excluded.country, marketing_opt_in = excluded.marketing_opt_in;
INSERT INTO customers (id, email, name, country, marketing_opt_in) VALUES ('cus_demo_06', 'fatima.alaoui@example.com', 'Fatima Alaoui', 'MA', 1) ON CONFLICT(id) DO UPDATE SET email = excluded.email, name = excluded.name, country = excluded.country, marketing_opt_in = excluded.marketing_opt_in;
INSERT INTO customers (id, email, name, country, marketing_opt_in) VALUES ('cus_demo_07', 'lucas.meyer@example.com', 'Lucas Meyer', 'DE', 0) ON CONFLICT(id) DO UPDATE SET email = excluded.email, name = excluded.name, country = excluded.country, marketing_opt_in = excluded.marketing_opt_in;
INSERT INTO customers (id, email, name, country, marketing_opt_in) VALUES ('cus_demo_08', 'sarah.goldberg@example.com', 'Sarah Goldberg', 'US', 1) ON CONFLICT(id) DO UPDATE SET email = excluded.email, name = excluded.name, country = excluded.country, marketing_opt_in = excluded.marketing_opt_in;
INSERT INTO customers (id, email, name, country, marketing_opt_in) VALUES ('cus_demo_09', 'pieter.vandenberg@example.com', 'Pieter van den Berg', 'NL', 1) ON CONFLICT(id) DO UPDATE SET email = excluded.email, name = excluded.name, country = excluded.country, marketing_opt_in = excluded.marketing_opt_in;
INSERT INTO customers (id, email, name, country, marketing_opt_in) VALUES ('cus_demo_10', 'chiara.russo@example.com', 'Chiara Russo', 'IT', 0) ON CONFLICT(id) DO UPDATE SET email = excluded.email, name = excluded.name, country = excluded.country, marketing_opt_in = excluded.marketing_opt_in;
INSERT INTO customers (id, email, name, country, marketing_opt_in) VALUES ('cus_demo_11', 'emma.lindqvist@example.com', 'Emma Lindqvist', 'SE', 1) ON CONFLICT(id) DO UPDATE SET email = excluded.email, name = excluded.name, country = excluded.country, marketing_opt_in = excluded.marketing_opt_in;
INSERT INTO customers (id, email, name, country, marketing_opt_in) VALUES ('cus_demo_12', 'omar.benali@example.com', 'Omar Benali', 'MA', 0) ON CONFLICT(id) DO UPDATE SET email = excluded.email, name = excluded.name, country = excluded.country, marketing_opt_in = excluded.marketing_opt_in;
INSERT INTO orders (id, order_number, customer_id, email, currency, subtotal_cents, tax_cents, shipping_cents, discount_cents, total_cents, payment_status, fulfillment_status, shipping_country, promotion_code, placed_at, created_at, updated_at) VALUES ('ord_demo_1001', 'MA-1001', 'cus_demo_01', 'elena.rodriguez@example.com', 'USD', 23000, 0, 1800, 0, 24800, 'paid', 'delivered', 'ES', NULL, '2026-05-19 10:14:00', '2026-05-19 10:14:00', '2026-05-19 10:14:00') ON CONFLICT(id) DO UPDATE SET order_number = excluded.order_number, customer_id = excluded.customer_id, email = excluded.email, currency = excluded.currency, subtotal_cents = excluded.subtotal_cents, tax_cents = excluded.tax_cents, shipping_cents = excluded.shipping_cents, discount_cents = excluded.discount_cents, total_cents = excluded.total_cents, payment_status = excluded.payment_status, fulfillment_status = excluded.fulfillment_status, shipping_country = excluded.shipping_country, promotion_code = excluded.promotion_code, placed_at = excluded.placed_at, created_at = excluded.created_at, updated_at = excluded.updated_at;
INSERT INTO order_items (id, order_id, product_id, variant_id, description, quantity, unit_price_cents, currency) VALUES ('oit_demo_1001_0', 'ord_demo_1001', 'prod_saadia_dress', 'var_saa_ter_m', 'saa ter m', 1, 14500, 'USD') ON CONFLICT(id) DO UPDATE SET order_id = excluded.order_id, product_id = excluded.product_id, variant_id = excluded.variant_id, description = excluded.description, quantity = excluded.quantity, unit_price_cents = excluded.unit_price_cents, currency = excluded.currency;
INSERT INTO order_items (id, order_id, product_id, variant_id, description, quantity, unit_price_cents, currency) VALUES ('oit_demo_1001_1', 'ord_demo_1001', 'prod_leila_halter', 'var_lei_ind_m', 'lei ind m', 1, 8500, 'USD') ON CONFLICT(id) DO UPDATE SET order_id = excluded.order_id, product_id = excluded.product_id, variant_id = excluded.variant_id, description = excluded.description, quantity = excluded.quantity, unit_price_cents = excluded.unit_price_cents, currency = excluded.currency;
INSERT INTO payments (id, order_id, amount_cents, currency, status, method_summary, created_at) VALUES ('pay_demo_1001', 'ord_demo_1001', 24800, 'USD', 'succeeded', 'card •••• 4242', '2026-05-19 10:14:00') ON CONFLICT(id) DO UPDATE SET order_id = excluded.order_id, amount_cents = excluded.amount_cents, currency = excluded.currency, status = excluded.status, method_summary = excluded.method_summary, created_at = excluded.created_at;
INSERT INTO orders (id, order_number, customer_id, email, currency, subtotal_cents, tax_cents, shipping_cents, discount_cents, total_cents, payment_status, fulfillment_status, shipping_country, promotion_code, placed_at, created_at, updated_at) VALUES ('ord_demo_1002', 'MA-1002', 'cus_demo_05', 'david.chen@example.com', 'USD', 19500, 1560, 2200, 0, 23260, 'paid', 'delivered', 'US', NULL, '2026-05-24 18:40:00', '2026-05-24 18:40:00', '2026-05-24 18:40:00') ON CONFLICT(id) DO UPDATE SET order_number = excluded.order_number, customer_id = excluded.customer_id, email = excluded.email, currency = excluded.currency, subtotal_cents = excluded.subtotal_cents, tax_cents = excluded.tax_cents, shipping_cents = excluded.shipping_cents, discount_cents = excluded.discount_cents, total_cents = excluded.total_cents, payment_status = excluded.payment_status, fulfillment_status = excluded.fulfillment_status, shipping_country = excluded.shipping_country, promotion_code = excluded.promotion_code, placed_at = excluded.placed_at, created_at = excluded.created_at, updated_at = excluded.updated_at;
INSERT INTO order_items (id, order_id, product_id, variant_id, description, quantity, unit_price_cents, currency) VALUES ('oit_demo_1002_0', 'ord_demo_1002', 'prod_tangier_trouser', 'var_tng_nvy_32', 'tng nvy 32', 1, 19500, 'USD') ON CONFLICT(id) DO UPDATE SET order_id = excluded.order_id, product_id = excluded.product_id, variant_id = excluded.variant_id, description = excluded.description, quantity = excluded.quantity, unit_price_cents = excluded.unit_price_cents, currency = excluded.currency;
INSERT INTO payments (id, order_id, amount_cents, currency, status, method_summary, created_at) VALUES ('pay_demo_1002', 'ord_demo_1002', 23260, 'USD', 'succeeded', 'card •••• 4242', '2026-05-24 18:40:00') ON CONFLICT(id) DO UPDATE SET order_id = excluded.order_id, amount_cents = excluded.amount_cents, currency = excluded.currency, status = excluded.status, method_summary = excluded.method_summary, created_at = excluded.created_at;
INSERT INTO orders (id, order_number, customer_id, email, currency, subtotal_cents, tax_cents, shipping_cents, discount_cents, total_cents, payment_status, fulfillment_status, shipping_country, promotion_code, placed_at, created_at, updated_at) VALUES ('ord_demo_1003', 'MA-1003', 'cus_demo_02', 'james.okafor@example.com', 'USD', 25000, 0, 1500, 0, 26500, 'paid', 'delivered', 'GB', NULL, '2026-05-28 09:03:00', '2026-05-28 09:03:00', '2026-05-28 09:03:00') ON CONFLICT(id) DO UPDATE SET order_number = excluded.order_number, customer_id = excluded.customer_id, email = excluded.email, currency = excluded.currency, subtotal_cents = excluded.subtotal_cents, tax_cents = excluded.tax_cents, shipping_cents = excluded.shipping_cents, discount_cents = excluded.discount_cents, total_cents = excluded.total_cents, payment_status = excluded.payment_status, fulfillment_status = excluded.fulfillment_status, shipping_country = excluded.shipping_country, promotion_code = excluded.promotion_code, placed_at = excluded.placed_at, created_at = excluded.created_at, updated_at = excluded.updated_at;
INSERT INTO order_items (id, order_id, product_id, variant_id, description, quantity, unit_price_cents, currency) VALUES ('oit_demo_1003_0', 'ord_demo_1003', 'prod_corniche_polo', 'var_cor_crm_m', 'cor crm m', 2, 12500, 'USD') ON CONFLICT(id) DO UPDATE SET order_id = excluded.order_id, product_id = excluded.product_id, variant_id = excluded.variant_id, description = excluded.description, quantity = excluded.quantity, unit_price_cents = excluded.unit_price_cents, currency = excluded.currency;
INSERT INTO payments (id, order_id, amount_cents, currency, status, method_summary, created_at) VALUES ('pay_demo_1003', 'ord_demo_1003', 26500, 'USD', 'succeeded', 'card •••• 4242', '2026-05-28 09:03:00') ON CONFLICT(id) DO UPDATE SET order_id = excluded.order_id, amount_cents = excluded.amount_cents, currency = excluded.currency, status = excluded.status, method_summary = excluded.method_summary, created_at = excluded.created_at;
INSERT INTO orders (id, order_number, customer_id, email, currency, subtotal_cents, tax_cents, shipping_cents, discount_cents, total_cents, payment_status, fulfillment_status, shipping_country, promotion_code, placed_at, created_at, updated_at) VALUES ('ord_demo_1004', 'MA-1004', 'cus_demo_04', 'marie.dubois@example.com', 'USD', 16500, 0, 1200, 0, 17700, 'paid', 'delivered', 'FR', NULL, '2026-06-02 14:22:00', '2026-06-02 14:22:00', '2026-06-02 14:22:00') ON CONFLICT(id) DO UPDATE SET order_number = excluded.order_number, customer_id = excluded.customer_id, email = excluded.email, currency = excluded.currency, subtotal_cents = excluded.subtotal_cents, tax_cents = excluded.tax_cents, shipping_cents = excluded.shipping_cents, discount_cents = excluded.discount_cents, total_cents = excluded.total_cents, payment_status = excluded.payment_status, fulfillment_status = excluded.fulfillment_status, shipping_country = excluded.shipping_country, promotion_code = excluded.promotion_code, placed_at = excluded.placed_at, created_at = excluded.created_at, updated_at = excluded.updated_at;
INSERT INTO order_items (id, order_id, product_id, variant_id, description, quantity, unit_price_cents, currency) VALUES ('oit_demo_1004_0', 'ord_demo_1004', 'prod_oualidia_set', 'var_oua_ros_m', 'oua ros m', 1, 16500, 'USD') ON CONFLICT(id) DO UPDATE SET order_id = excluded.order_id, product_id = excluded.product_id, variant_id = excluded.variant_id, description = excluded.description, quantity = excluded.quantity, unit_price_cents = excluded.unit_price_cents, currency = excluded.currency;
INSERT INTO payments (id, order_id, amount_cents, currency, status, method_summary, created_at) VALUES ('pay_demo_1004', 'ord_demo_1004', 17700, 'USD', 'succeeded', 'card •••• 4242', '2026-06-02 14:22:00') ON CONFLICT(id) DO UPDATE SET order_id = excluded.order_id, amount_cents = excluded.amount_cents, currency = excluded.currency, status = excluded.status, method_summary = excluded.method_summary, created_at = excluded.created_at;
INSERT INTO orders (id, order_number, customer_id, email, currency, subtotal_cents, tax_cents, shipping_cents, discount_cents, total_cents, payment_status, fulfillment_status, shipping_country, promotion_code, placed_at, created_at, updated_at) VALUES ('ord_demo_1005', 'MA-1005', 'cus_demo_08', 'sarah.goldberg@example.com', 'USD', 29500, 2360, 2200, 2950, 31110, 'paid', 'delivered', 'US', 'SUMMER10', '2026-06-05 21:10:00', '2026-06-05 21:10:00', '2026-06-05 21:10:00') ON CONFLICT(id) DO UPDATE SET order_number = excluded.order_number, customer_id = excluded.customer_id, email = excluded.email, currency = excluded.currency, subtotal_cents = excluded.subtotal_cents, tax_cents = excluded.tax_cents, shipping_cents = excluded.shipping_cents, discount_cents = excluded.discount_cents, total_cents = excluded.total_cents, payment_status = excluded.payment_status, fulfillment_status = excluded.fulfillment_status, shipping_country = excluded.shipping_country, promotion_code = excluded.promotion_code, placed_at = excluded.placed_at, created_at = excluded.created_at, updated_at = excluded.updated_at;
INSERT INTO order_items (id, order_id, product_id, variant_id, description, quantity, unit_price_cents, currency) VALUES ('oit_demo_1005_0', 'ord_demo_1005', 'prod_saadia_dress', 'var_saa_ter_s', 'saa ter s', 1, 14500, 'USD') ON CONFLICT(id) DO UPDATE SET order_id = excluded.order_id, product_id = excluded.product_id, variant_id = excluded.variant_id, description = excluded.description, quantity = excluded.quantity, unit_price_cents = excluded.unit_price_cents, currency = excluded.currency;
INSERT INTO order_items (id, order_id, product_id, variant_id, description, quantity, unit_price_cents, currency) VALUES ('oit_demo_1005_1', 'ord_demo_1005', 'prod_essaouira_crochet', 'var_ess_crm_os', 'ess crm os', 1, 15000, 'USD') ON CONFLICT(id) DO UPDATE SET order_id = excluded.order_id, product_id = excluded.product_id, variant_id = excluded.variant_id, description = excluded.description, quantity = excluded.quantity, unit_price_cents = excluded.unit_price_cents, currency = excluded.currency;
INSERT INTO payments (id, order_id, amount_cents, currency, status, method_summary, created_at) VALUES ('pay_demo_1005', 'ord_demo_1005', 31110, 'USD', 'succeeded', 'card •••• 4242', '2026-06-05 21:10:00') ON CONFLICT(id) DO UPDATE SET order_id = excluded.order_id, amount_cents = excluded.amount_cents, currency = excluded.currency, status = excluded.status, method_summary = excluded.method_summary, created_at = excluded.created_at;
INSERT INTO orders (id, order_number, customer_id, email, currency, subtotal_cents, tax_cents, shipping_cents, discount_cents, total_cents, payment_status, fulfillment_status, shipping_country, promotion_code, placed_at, created_at, updated_at) VALUES ('ord_demo_1006', 'MA-1006', 'cus_demo_06', 'fatima.alaoui@example.com', 'USD', 16500, 0, 0, 0, 16500, 'paid', 'delivered', 'MA', NULL, '2026-06-09 11:31:00', '2026-06-09 11:31:00', '2026-06-09 11:31:00') ON CONFLICT(id) DO UPDATE SET order_number = excluded.order_number, customer_id = excluded.customer_id, email = excluded.email, currency = excluded.currency, subtotal_cents = excluded.subtotal_cents, tax_cents = excluded.tax_cents, shipping_cents = excluded.shipping_cents, discount_cents = excluded.discount_cents, total_cents = excluded.total_cents, payment_status = excluded.payment_status, fulfillment_status = excluded.fulfillment_status, shipping_country = excluded.shipping_country, promotion_code = excluded.promotion_code, placed_at = excluded.placed_at, created_at = excluded.created_at, updated_at = excluded.updated_at;
INSERT INTO order_items (id, order_id, product_id, variant_id, description, quantity, unit_price_cents, currency) VALUES ('oit_demo_1006_0', 'ord_demo_1006', 'prod_medina_overshirt', 'var_med_chk_m', 'med chk m', 1, 16500, 'USD') ON CONFLICT(id) DO UPDATE SET order_id = excluded.order_id, product_id = excluded.product_id, variant_id = excluded.variant_id, description = excluded.description, quantity = excluded.quantity, unit_price_cents = excluded.unit_price_cents, currency = excluded.currency;
INSERT INTO payments (id, order_id, amount_cents, currency, status, method_summary, created_at) VALUES ('pay_demo_1006', 'ord_demo_1006', 16500, 'USD', 'succeeded', 'card •••• 4242', '2026-06-09 11:31:00') ON CONFLICT(id) DO UPDATE SET order_id = excluded.order_id, amount_cents = excluded.amount_cents, currency = excluded.currency, status = excluded.status, method_summary = excluded.method_summary, created_at = excluded.created_at;
INSERT INTO orders (id, order_number, customer_id, email, currency, subtotal_cents, tax_cents, shipping_cents, discount_cents, total_cents, payment_status, fulfillment_status, shipping_country, promotion_code, placed_at, created_at, updated_at) VALUES ('ord_demo_1007', 'MA-1007', 'cus_demo_03', 'haruka.sato@example.com', 'USD', 32000, 0, 2600, 0, 34600, 'paid', 'shipped', 'JP', NULL, '2026-06-12 07:55:00', '2026-06-12 07:55:00', '2026-06-12 07:55:00') ON CONFLICT(id) DO UPDATE SET order_number = excluded.order_number, customer_id = excluded.customer_id, email = excluded.email, currency = excluded.currency, subtotal_cents = excluded.subtotal_cents, tax_cents = excluded.tax_cents, shipping_cents = excluded.shipping_cents, discount_cents = excluded.discount_cents, total_cents = excluded.total_cents, payment_status = excluded.payment_status, fulfillment_status = excluded.fulfillment_status, shipping_country = excluded.shipping_country, promotion_code = excluded.promotion_code, placed_at = excluded.placed_at, created_at = excluded.created_at, updated_at = excluded.updated_at;
INSERT INTO order_items (id, order_id, product_id, variant_id, description, quantity, unit_price_cents, currency) VALUES ('oit_demo_1007_0', 'ord_demo_1007', 'prod_tangier_trouser', 'var_tng_snd_32', 'tng snd 32', 1, 19500, 'USD') ON CONFLICT(id) DO UPDATE SET order_id = excluded.order_id, product_id = excluded.product_id, variant_id = excluded.variant_id, description = excluded.description, quantity = excluded.quantity, unit_price_cents = excluded.unit_price_cents, currency = excluded.currency;
INSERT INTO order_items (id, order_id, product_id, variant_id, description, quantity, unit_price_cents, currency) VALUES ('oit_demo_1007_1', 'ord_demo_1007', 'prod_corniche_polo', 'var_cor_crm_m', 'cor crm m', 1, 12500, 'USD') ON CONFLICT(id) DO UPDATE SET order_id = excluded.order_id, product_id = excluded.product_id, variant_id = excluded.variant_id, description = excluded.description, quantity = excluded.quantity, unit_price_cents = excluded.unit_price_cents, currency = excluded.currency;
INSERT INTO payments (id, order_id, amount_cents, currency, status, method_summary, created_at) VALUES ('pay_demo_1007', 'ord_demo_1007', 34600, 'USD', 'succeeded', 'card •••• 4242', '2026-06-12 07:55:00') ON CONFLICT(id) DO UPDATE SET order_id = excluded.order_id, amount_cents = excluded.amount_cents, currency = excluded.currency, status = excluded.status, method_summary = excluded.method_summary, created_at = excluded.created_at;
INSERT INTO orders (id, order_number, customer_id, email, currency, subtotal_cents, tax_cents, shipping_cents, discount_cents, total_cents, payment_status, fulfillment_status, shipping_country, promotion_code, placed_at, created_at, updated_at) VALUES ('ord_demo_1008', 'MA-1008', 'cus_demo_09', 'pieter.vandenberg@example.com', 'USD', 23500, 0, 1500, 0, 25000, 'paid', 'delivered', 'NL', NULL, '2026-06-15 16:47:00', '2026-06-15 16:47:00', '2026-06-15 16:47:00') ON CONFLICT(id) DO UPDATE SET order_number = excluded.order_number, customer_id = excluded.customer_id, email = excluded.email, currency = excluded.currency, subtotal_cents = excluded.subtotal_cents, tax_cents = excluded.tax_cents, shipping_cents = excluded.shipping_cents, discount_cents = excluded.discount_cents, total_cents = excluded.total_cents, payment_status = excluded.payment_status, fulfillment_status = excluded.fulfillment_status, shipping_country = excluded.shipping_country, promotion_code = excluded.promotion_code, placed_at = excluded.placed_at, created_at = excluded.created_at, updated_at = excluded.updated_at;
INSERT INTO order_items (id, order_id, product_id, variant_id, description, quantity, unit_price_cents, currency) VALUES ('oit_demo_1008_0', 'ord_demo_1008', 'prod_anfa_trouser', 'var_anf_brk_32', 'anf brk 32', 1, 23500, 'USD') ON CONFLICT(id) DO UPDATE SET order_id = excluded.order_id, product_id = excluded.product_id, variant_id = excluded.variant_id, description = excluded.description, quantity = excluded.quantity, unit_price_cents = excluded.unit_price_cents, currency = excluded.currency;
INSERT INTO payments (id, order_id, amount_cents, currency, status, method_summary, created_at) VALUES ('pay_demo_1008', 'ord_demo_1008', 25000, 'USD', 'succeeded', 'card •••• 4242', '2026-06-15 16:47:00') ON CONFLICT(id) DO UPDATE SET order_id = excluded.order_id, amount_cents = excluded.amount_cents, currency = excluded.currency, status = excluded.status, method_summary = excluded.method_summary, created_at = excluded.created_at;
INSERT INTO orders (id, order_number, customer_id, email, currency, subtotal_cents, tax_cents, shipping_cents, discount_cents, total_cents, payment_status, fulfillment_status, shipping_country, promotion_code, placed_at, created_at, updated_at) VALUES ('ord_demo_1009', 'MA-1009', 'cus_demo_10', 'chiara.russo@example.com', 'USD', 17000, 0, 1500, 0, 18500, 'paid', 'delivered', 'IT', NULL, '2026-06-19 12:18:00', '2026-06-19 12:18:00', '2026-06-19 12:18:00') ON CONFLICT(id) DO UPDATE SET order_number = excluded.order_number, customer_id = excluded.customer_id, email = excluded.email, currency = excluded.currency, subtotal_cents = excluded.subtotal_cents, tax_cents = excluded.tax_cents, shipping_cents = excluded.shipping_cents, discount_cents = excluded.discount_cents, total_cents = excluded.total_cents, payment_status = excluded.payment_status, fulfillment_status = excluded.fulfillment_status, shipping_country = excluded.shipping_country, promotion_code = excluded.promotion_code, placed_at = excluded.placed_at, created_at = excluded.created_at, updated_at = excluded.updated_at;
INSERT INTO order_items (id, order_id, product_id, variant_id, description, quantity, unit_price_cents, currency) VALUES ('oit_demo_1009_0', 'ord_demo_1009', 'prod_leila_halter', 'var_lei_ind_s', 'lei ind s', 2, 8500, 'USD') ON CONFLICT(id) DO UPDATE SET order_id = excluded.order_id, product_id = excluded.product_id, variant_id = excluded.variant_id, description = excluded.description, quantity = excluded.quantity, unit_price_cents = excluded.unit_price_cents, currency = excluded.currency;
INSERT INTO payments (id, order_id, amount_cents, currency, status, method_summary, created_at) VALUES ('pay_demo_1009', 'ord_demo_1009', 18500, 'USD', 'succeeded', 'card •••• 4242', '2026-06-19 12:18:00') ON CONFLICT(id) DO UPDATE SET order_id = excluded.order_id, amount_cents = excluded.amount_cents, currency = excluded.currency, status = excluded.status, method_summary = excluded.method_summary, created_at = excluded.created_at;
INSERT INTO orders (id, order_number, customer_id, email, currency, subtotal_cents, tax_cents, shipping_cents, discount_cents, total_cents, payment_status, fulfillment_status, shipping_country, promotion_code, placed_at, created_at, updated_at) VALUES ('ord_demo_1010', 'MA-1010', 'cus_demo_07', 'lucas.meyer@example.com', 'USD', 36000, 0, 1800, 0, 37800, 'paid', 'shipped', 'DE', NULL, '2026-06-22 19:02:00', '2026-06-22 19:02:00', '2026-06-22 19:02:00') ON CONFLICT(id) DO UPDATE SET order_number = excluded.order_number, customer_id = excluded.customer_id, email = excluded.email, currency = excluded.currency, subtotal_cents = excluded.subtotal_cents, tax_cents = excluded.tax_cents, shipping_cents = excluded.shipping_cents, discount_cents = excluded.discount_cents, total_cents = excluded.total_cents, payment_status = excluded.payment_status, fulfillment_status = excluded.fulfillment_status, shipping_country = excluded.shipping_country, promotion_code = excluded.promotion_code, placed_at = excluded.placed_at, created_at = excluded.created_at, updated_at = excluded.updated_at;
INSERT INTO order_items (id, order_id, product_id, variant_id, description, quantity, unit_price_cents, currency) VALUES ('oit_demo_1010_0', 'ord_demo_1010', 'prod_medina_overshirt', 'var_med_chk_l', 'med chk l', 1, 16500, 'USD') ON CONFLICT(id) DO UPDATE SET order_id = excluded.order_id, product_id = excluded.product_id, variant_id = excluded.variant_id, description = excluded.description, quantity = excluded.quantity, unit_price_cents = excluded.unit_price_cents, currency = excluded.currency;
INSERT INTO order_items (id, order_id, product_id, variant_id, description, quantity, unit_price_cents, currency) VALUES ('oit_demo_1010_1', 'ord_demo_1010', 'prod_tangier_trouser', 'var_tng_nvy_34', 'tng nvy 34', 1, 19500, 'USD') ON CONFLICT(id) DO UPDATE SET order_id = excluded.order_id, product_id = excluded.product_id, variant_id = excluded.variant_id, description = excluded.description, quantity = excluded.quantity, unit_price_cents = excluded.unit_price_cents, currency = excluded.currency;
INSERT INTO payments (id, order_id, amount_cents, currency, status, method_summary, created_at) VALUES ('pay_demo_1010', 'ord_demo_1010', 37800, 'USD', 'succeeded', 'card •••• 4242', '2026-06-22 19:02:00') ON CONFLICT(id) DO UPDATE SET order_id = excluded.order_id, amount_cents = excluded.amount_cents, currency = excluded.currency, status = excluded.status, method_summary = excluded.method_summary, created_at = excluded.created_at;
INSERT INTO orders (id, order_number, customer_id, email, currency, subtotal_cents, tax_cents, shipping_cents, discount_cents, total_cents, payment_status, fulfillment_status, shipping_country, promotion_code, placed_at, created_at, updated_at) VALUES ('ord_demo_1011', 'MA-1011', 'cus_demo_11', 'emma.lindqvist@example.com', 'USD', 15000, 0, 1500, 0, 16500, 'paid', 'shipped', 'SE', NULL, '2026-06-26 08:44:00', '2026-06-26 08:44:00', '2026-06-26 08:44:00') ON CONFLICT(id) DO UPDATE SET order_number = excluded.order_number, customer_id = excluded.customer_id, email = excluded.email, currency = excluded.currency, subtotal_cents = excluded.subtotal_cents, tax_cents = excluded.tax_cents, shipping_cents = excluded.shipping_cents, discount_cents = excluded.discount_cents, total_cents = excluded.total_cents, payment_status = excluded.payment_status, fulfillment_status = excluded.fulfillment_status, shipping_country = excluded.shipping_country, promotion_code = excluded.promotion_code, placed_at = excluded.placed_at, created_at = excluded.created_at, updated_at = excluded.updated_at;
INSERT INTO order_items (id, order_id, product_id, variant_id, description, quantity, unit_price_cents, currency) VALUES ('oit_demo_1011_0', 'ord_demo_1011', 'prod_essaouira_crochet', 'var_ess_crm_os', 'ess crm os', 1, 15000, 'USD') ON CONFLICT(id) DO UPDATE SET order_id = excluded.order_id, product_id = excluded.product_id, variant_id = excluded.variant_id, description = excluded.description, quantity = excluded.quantity, unit_price_cents = excluded.unit_price_cents, currency = excluded.currency;
INSERT INTO payments (id, order_id, amount_cents, currency, status, method_summary, created_at) VALUES ('pay_demo_1011', 'ord_demo_1011', 16500, 'USD', 'succeeded', 'card •••• 4242', '2026-06-26 08:44:00') ON CONFLICT(id) DO UPDATE SET order_id = excluded.order_id, amount_cents = excluded.amount_cents, currency = excluded.currency, status = excluded.status, method_summary = excluded.method_summary, created_at = excluded.created_at;
INSERT INTO orders (id, order_number, customer_id, email, currency, subtotal_cents, tax_cents, shipping_cents, discount_cents, total_cents, payment_status, fulfillment_status, shipping_country, promotion_code, placed_at, created_at, updated_at) VALUES ('ord_demo_1012', 'MA-1012', 'cus_demo_05', 'david.chen@example.com', 'USD', 32000, 2560, 2200, 0, 36760, 'paid', 'processing', 'US', NULL, '2026-06-28 22:05:00', '2026-06-28 22:05:00', '2026-06-28 22:05:00') ON CONFLICT(id) DO UPDATE SET order_number = excluded.order_number, customer_id = excluded.customer_id, email = excluded.email, currency = excluded.currency, subtotal_cents = excluded.subtotal_cents, tax_cents = excluded.tax_cents, shipping_cents = excluded.shipping_cents, discount_cents = excluded.discount_cents, total_cents = excluded.total_cents, payment_status = excluded.payment_status, fulfillment_status = excluded.fulfillment_status, shipping_country = excluded.shipping_country, promotion_code = excluded.promotion_code, placed_at = excluded.placed_at, created_at = excluded.created_at, updated_at = excluded.updated_at;
INSERT INTO order_items (id, order_id, product_id, variant_id, description, quantity, unit_price_cents, currency) VALUES ('oit_demo_1012_0', 'ord_demo_1012', 'prod_corniche_polo', 'var_cor_crm_l', 'cor crm l', 1, 12500, 'USD') ON CONFLICT(id) DO UPDATE SET order_id = excluded.order_id, product_id = excluded.product_id, variant_id = excluded.variant_id, description = excluded.description, quantity = excluded.quantity, unit_price_cents = excluded.unit_price_cents, currency = excluded.currency;
INSERT INTO order_items (id, order_id, product_id, variant_id, description, quantity, unit_price_cents, currency) VALUES ('oit_demo_1012_1', 'ord_demo_1012', 'prod_tangier_trouser', 'var_tng_snd_32', 'tng snd 32', 1, 19500, 'USD') ON CONFLICT(id) DO UPDATE SET order_id = excluded.order_id, product_id = excluded.product_id, variant_id = excluded.variant_id, description = excluded.description, quantity = excluded.quantity, unit_price_cents = excluded.unit_price_cents, currency = excluded.currency;
INSERT INTO payments (id, order_id, amount_cents, currency, status, method_summary, created_at) VALUES ('pay_demo_1012', 'ord_demo_1012', 36760, 'USD', 'succeeded', 'card •••• 4242', '2026-06-28 22:05:00') ON CONFLICT(id) DO UPDATE SET order_id = excluded.order_id, amount_cents = excluded.amount_cents, currency = excluded.currency, status = excluded.status, method_summary = excluded.method_summary, created_at = excluded.created_at;
INSERT INTO orders (id, order_number, customer_id, email, currency, subtotal_cents, tax_cents, shipping_cents, discount_cents, total_cents, payment_status, fulfillment_status, shipping_country, promotion_code, placed_at, created_at, updated_at) VALUES ('ord_demo_1013', 'MA-1013', 'cus_demo_01', 'elena.rodriguez@example.com', 'USD', 25000, 0, 1800, 0, 26800, 'paid', 'processing', 'ES', NULL, '2026-07-01 10:52:00', '2026-07-01 10:52:00', '2026-07-01 10:52:00') ON CONFLICT(id) DO UPDATE SET order_number = excluded.order_number, customer_id = excluded.customer_id, email = excluded.email, currency = excluded.currency, subtotal_cents = excluded.subtotal_cents, tax_cents = excluded.tax_cents, shipping_cents = excluded.shipping_cents, discount_cents = excluded.discount_cents, total_cents = excluded.total_cents, payment_status = excluded.payment_status, fulfillment_status = excluded.fulfillment_status, shipping_country = excluded.shipping_country, promotion_code = excluded.promotion_code, placed_at = excluded.placed_at, created_at = excluded.created_at, updated_at = excluded.updated_at;
INSERT INTO order_items (id, order_id, product_id, variant_id, description, quantity, unit_price_cents, currency) VALUES ('oit_demo_1013_0', 'ord_demo_1013', 'prod_oualidia_set', 'var_oua_ros_m', 'oua ros m', 1, 16500, 'USD') ON CONFLICT(id) DO UPDATE SET order_id = excluded.order_id, product_id = excluded.product_id, variant_id = excluded.variant_id, description = excluded.description, quantity = excluded.quantity, unit_price_cents = excluded.unit_price_cents, currency = excluded.currency;
INSERT INTO order_items (id, order_id, product_id, variant_id, description, quantity, unit_price_cents, currency) VALUES ('oit_demo_1013_1', 'ord_demo_1013', 'prod_leila_halter', 'var_lei_ind_m', 'lei ind m', 1, 8500, 'USD') ON CONFLICT(id) DO UPDATE SET order_id = excluded.order_id, product_id = excluded.product_id, variant_id = excluded.variant_id, description = excluded.description, quantity = excluded.quantity, unit_price_cents = excluded.unit_price_cents, currency = excluded.currency;
INSERT INTO payments (id, order_id, amount_cents, currency, status, method_summary, created_at) VALUES ('pay_demo_1013', 'ord_demo_1013', 26800, 'USD', 'succeeded', 'card •••• 4242', '2026-07-01 10:52:00') ON CONFLICT(id) DO UPDATE SET order_id = excluded.order_id, amount_cents = excluded.amount_cents, currency = excluded.currency, status = excluded.status, method_summary = excluded.method_summary, created_at = excluded.created_at;
INSERT INTO orders (id, order_number, customer_id, email, currency, subtotal_cents, tax_cents, shipping_cents, discount_cents, total_cents, payment_status, fulfillment_status, shipping_country, promotion_code, placed_at, created_at, updated_at) VALUES ('ord_demo_1014', 'MA-1014', 'cus_demo_12', 'omar.benali@example.com', 'USD', 12500, 0, 0, 0, 12500, 'paid', 'shipped', 'MA', NULL, '2026-07-03 15:36:00', '2026-07-03 15:36:00', '2026-07-03 15:36:00') ON CONFLICT(id) DO UPDATE SET order_number = excluded.order_number, customer_id = excluded.customer_id, email = excluded.email, currency = excluded.currency, subtotal_cents = excluded.subtotal_cents, tax_cents = excluded.tax_cents, shipping_cents = excluded.shipping_cents, discount_cents = excluded.discount_cents, total_cents = excluded.total_cents, payment_status = excluded.payment_status, fulfillment_status = excluded.fulfillment_status, shipping_country = excluded.shipping_country, promotion_code = excluded.promotion_code, placed_at = excluded.placed_at, created_at = excluded.created_at, updated_at = excluded.updated_at;
INSERT INTO order_items (id, order_id, product_id, variant_id, description, quantity, unit_price_cents, currency) VALUES ('oit_demo_1014_0', 'ord_demo_1014', 'prod_corniche_polo', 'var_cor_crm_m', 'cor crm m', 1, 12500, 'USD') ON CONFLICT(id) DO UPDATE SET order_id = excluded.order_id, product_id = excluded.product_id, variant_id = excluded.variant_id, description = excluded.description, quantity = excluded.quantity, unit_price_cents = excluded.unit_price_cents, currency = excluded.currency;
INSERT INTO payments (id, order_id, amount_cents, currency, status, method_summary, created_at) VALUES ('pay_demo_1014', 'ord_demo_1014', 12500, 'USD', 'succeeded', 'card •••• 4242', '2026-07-03 15:36:00') ON CONFLICT(id) DO UPDATE SET order_id = excluded.order_id, amount_cents = excluded.amount_cents, currency = excluded.currency, status = excluded.status, method_summary = excluded.method_summary, created_at = excluded.created_at;
INSERT INTO orders (id, order_number, customer_id, email, currency, subtotal_cents, tax_cents, shipping_cents, discount_cents, total_cents, payment_status, fulfillment_status, shipping_country, promotion_code, placed_at, created_at, updated_at) VALUES ('ord_demo_1015', 'MA-1015', 'cus_demo_04', 'marie.dubois@example.com', 'USD', 29000, 0, 1200, 0, 30200, 'paid', 'processing', 'FR', NULL, '2026-07-05 09:27:00', '2026-07-05 09:27:00', '2026-07-05 09:27:00') ON CONFLICT(id) DO UPDATE SET order_number = excluded.order_number, customer_id = excluded.customer_id, email = excluded.email, currency = excluded.currency, subtotal_cents = excluded.subtotal_cents, tax_cents = excluded.tax_cents, shipping_cents = excluded.shipping_cents, discount_cents = excluded.discount_cents, total_cents = excluded.total_cents, payment_status = excluded.payment_status, fulfillment_status = excluded.fulfillment_status, shipping_country = excluded.shipping_country, promotion_code = excluded.promotion_code, placed_at = excluded.placed_at, created_at = excluded.created_at, updated_at = excluded.updated_at;
INSERT INTO order_items (id, order_id, product_id, variant_id, description, quantity, unit_price_cents, currency) VALUES ('oit_demo_1015_0', 'ord_demo_1015', 'prod_saadia_dress', 'var_saa_ter_m', 'saa ter m', 2, 14500, 'USD') ON CONFLICT(id) DO UPDATE SET order_id = excluded.order_id, product_id = excluded.product_id, variant_id = excluded.variant_id, description = excluded.description, quantity = excluded.quantity, unit_price_cents = excluded.unit_price_cents, currency = excluded.currency;
INSERT INTO payments (id, order_id, amount_cents, currency, status, method_summary, created_at) VALUES ('pay_demo_1015', 'ord_demo_1015', 30200, 'USD', 'succeeded', 'card •••• 4242', '2026-07-05 09:27:00') ON CONFLICT(id) DO UPDATE SET order_id = excluded.order_id, amount_cents = excluded.amount_cents, currency = excluded.currency, status = excluded.status, method_summary = excluded.method_summary, created_at = excluded.created_at;
INSERT INTO orders (id, order_number, customer_id, email, currency, subtotal_cents, tax_cents, shipping_cents, discount_cents, total_cents, payment_status, fulfillment_status, shipping_country, promotion_code, placed_at, created_at, updated_at) VALUES ('ord_demo_1016', 'MA-1016', 'cus_demo_08', 'sarah.goldberg@example.com', 'USD', 16500, 1320, 2200, 0, 20020, 'paid', 'processing', 'US', NULL, '2026-07-07 20:19:00', '2026-07-07 20:19:00', '2026-07-07 20:19:00') ON CONFLICT(id) DO UPDATE SET order_number = excluded.order_number, customer_id = excluded.customer_id, email = excluded.email, currency = excluded.currency, subtotal_cents = excluded.subtotal_cents, tax_cents = excluded.tax_cents, shipping_cents = excluded.shipping_cents, discount_cents = excluded.discount_cents, total_cents = excluded.total_cents, payment_status = excluded.payment_status, fulfillment_status = excluded.fulfillment_status, shipping_country = excluded.shipping_country, promotion_code = excluded.promotion_code, placed_at = excluded.placed_at, created_at = excluded.created_at, updated_at = excluded.updated_at;
INSERT INTO order_items (id, order_id, product_id, variant_id, description, quantity, unit_price_cents, currency) VALUES ('oit_demo_1016_0', 'ord_demo_1016', 'prod_medina_overshirt', 'var_med_chk_m', 'med chk m', 1, 16500, 'USD') ON CONFLICT(id) DO UPDATE SET order_id = excluded.order_id, product_id = excluded.product_id, variant_id = excluded.variant_id, description = excluded.description, quantity = excluded.quantity, unit_price_cents = excluded.unit_price_cents, currency = excluded.currency;
INSERT INTO payments (id, order_id, amount_cents, currency, status, method_summary, created_at) VALUES ('pay_demo_1016', 'ord_demo_1016', 20020, 'USD', 'succeeded', 'card •••• 4242', '2026-07-07 20:19:00') ON CONFLICT(id) DO UPDATE SET order_id = excluded.order_id, amount_cents = excluded.amount_cents, currency = excluded.currency, status = excluded.status, method_summary = excluded.method_summary, created_at = excluded.created_at;
INSERT INTO orders (id, order_number, customer_id, email, currency, subtotal_cents, tax_cents, shipping_cents, discount_cents, total_cents, payment_status, fulfillment_status, shipping_country, promotion_code, placed_at, created_at, updated_at) VALUES ('ord_demo_1017', 'MA-1017', 'cus_demo_02', 'james.okafor@example.com', 'USD', 32000, 0, 1500, 3200, 30300, 'paid', 'unfulfilled', 'GB', 'SUMMER10', '2026-07-08 13:41:00', '2026-07-08 13:41:00', '2026-07-08 13:41:00') ON CONFLICT(id) DO UPDATE SET order_number = excluded.order_number, customer_id = excluded.customer_id, email = excluded.email, currency = excluded.currency, subtotal_cents = excluded.subtotal_cents, tax_cents = excluded.tax_cents, shipping_cents = excluded.shipping_cents, discount_cents = excluded.discount_cents, total_cents = excluded.total_cents, payment_status = excluded.payment_status, fulfillment_status = excluded.fulfillment_status, shipping_country = excluded.shipping_country, promotion_code = excluded.promotion_code, placed_at = excluded.placed_at, created_at = excluded.created_at, updated_at = excluded.updated_at;
INSERT INTO order_items (id, order_id, product_id, variant_id, description, quantity, unit_price_cents, currency) VALUES ('oit_demo_1017_0', 'ord_demo_1017', 'prod_tangier_trouser', 'var_tng_nvy_32', 'tng nvy 32', 1, 19500, 'USD') ON CONFLICT(id) DO UPDATE SET order_id = excluded.order_id, product_id = excluded.product_id, variant_id = excluded.variant_id, description = excluded.description, quantity = excluded.quantity, unit_price_cents = excluded.unit_price_cents, currency = excluded.currency;
INSERT INTO order_items (id, order_id, product_id, variant_id, description, quantity, unit_price_cents, currency) VALUES ('oit_demo_1017_1', 'ord_demo_1017', 'prod_corniche_polo', 'var_cor_crm_m', 'cor crm m', 1, 12500, 'USD') ON CONFLICT(id) DO UPDATE SET order_id = excluded.order_id, product_id = excluded.product_id, variant_id = excluded.variant_id, description = excluded.description, quantity = excluded.quantity, unit_price_cents = excluded.unit_price_cents, currency = excluded.currency;
INSERT INTO payments (id, order_id, amount_cents, currency, status, method_summary, created_at) VALUES ('pay_demo_1017', 'ord_demo_1017', 30300, 'USD', 'succeeded', 'card •••• 4242', '2026-07-08 13:41:00') ON CONFLICT(id) DO UPDATE SET order_id = excluded.order_id, amount_cents = excluded.amount_cents, currency = excluded.currency, status = excluded.status, method_summary = excluded.method_summary, created_at = excluded.created_at;
INSERT INTO orders (id, order_number, customer_id, email, currency, subtotal_cents, tax_cents, shipping_cents, discount_cents, total_cents, payment_status, fulfillment_status, shipping_country, promotion_code, placed_at, created_at, updated_at) VALUES ('ord_demo_1018', 'MA-1018', 'cus_demo_03', 'haruka.sato@example.com', 'USD', 8500, 0, 2600, 0, 11100, 'paid', 'unfulfilled', 'JP', NULL, '2026-07-09 06:58:00', '2026-07-09 06:58:00', '2026-07-09 06:58:00') ON CONFLICT(id) DO UPDATE SET order_number = excluded.order_number, customer_id = excluded.customer_id, email = excluded.email, currency = excluded.currency, subtotal_cents = excluded.subtotal_cents, tax_cents = excluded.tax_cents, shipping_cents = excluded.shipping_cents, discount_cents = excluded.discount_cents, total_cents = excluded.total_cents, payment_status = excluded.payment_status, fulfillment_status = excluded.fulfillment_status, shipping_country = excluded.shipping_country, promotion_code = excluded.promotion_code, placed_at = excluded.placed_at, created_at = excluded.created_at, updated_at = excluded.updated_at;
INSERT INTO order_items (id, order_id, product_id, variant_id, description, quantity, unit_price_cents, currency) VALUES ('oit_demo_1018_0', 'ord_demo_1018', 'prod_leila_halter', 'var_lei_ind_s', 'lei ind s', 1, 8500, 'USD') ON CONFLICT(id) DO UPDATE SET order_id = excluded.order_id, product_id = excluded.product_id, variant_id = excluded.variant_id, description = excluded.description, quantity = excluded.quantity, unit_price_cents = excluded.unit_price_cents, currency = excluded.currency;
INSERT INTO payments (id, order_id, amount_cents, currency, status, method_summary, created_at) VALUES ('pay_demo_1018', 'ord_demo_1018', 11100, 'USD', 'succeeded', 'card •••• 4242', '2026-07-09 06:58:00') ON CONFLICT(id) DO UPDATE SET order_id = excluded.order_id, amount_cents = excluded.amount_cents, currency = excluded.currency, status = excluded.status, method_summary = excluded.method_summary, created_at = excluded.created_at;
INSERT INTO orders (id, order_number, customer_id, email, currency, subtotal_cents, tax_cents, shipping_cents, discount_cents, total_cents, payment_status, fulfillment_status, shipping_country, promotion_code, placed_at, created_at, updated_at) VALUES ('ord_demo_1019', 'MA-1019', 'cus_demo_11', 'emma.lindqvist@example.com', 'USD', 14500, 0, 1500, 0, 16000, 'pending', 'unfulfilled', 'SE', NULL, '2026-07-10 17:23:00', '2026-07-10 17:23:00', '2026-07-10 17:23:00') ON CONFLICT(id) DO UPDATE SET order_number = excluded.order_number, customer_id = excluded.customer_id, email = excluded.email, currency = excluded.currency, subtotal_cents = excluded.subtotal_cents, tax_cents = excluded.tax_cents, shipping_cents = excluded.shipping_cents, discount_cents = excluded.discount_cents, total_cents = excluded.total_cents, payment_status = excluded.payment_status, fulfillment_status = excluded.fulfillment_status, shipping_country = excluded.shipping_country, promotion_code = excluded.promotion_code, placed_at = excluded.placed_at, created_at = excluded.created_at, updated_at = excluded.updated_at;
INSERT INTO order_items (id, order_id, product_id, variant_id, description, quantity, unit_price_cents, currency) VALUES ('oit_demo_1019_0', 'ord_demo_1019', 'prod_saadia_dress', 'var_saa_ter_s', 'saa ter s', 1, 14500, 'USD') ON CONFLICT(id) DO UPDATE SET order_id = excluded.order_id, product_id = excluded.product_id, variant_id = excluded.variant_id, description = excluded.description, quantity = excluded.quantity, unit_price_cents = excluded.unit_price_cents, currency = excluded.currency;
INSERT INTO orders (id, order_number, customer_id, email, currency, subtotal_cents, tax_cents, shipping_cents, discount_cents, total_cents, payment_status, fulfillment_status, shipping_country, promotion_code, placed_at, created_at, updated_at) VALUES ('ord_demo_1020', 'MA-1020', 'cus_demo_09', 'pieter.vandenberg@example.com', 'USD', 31500, 0, 1500, 0, 33000, 'paid', 'unfulfilled', 'NL', NULL, '2026-07-10 21:44:00', '2026-07-10 21:44:00', '2026-07-10 21:44:00') ON CONFLICT(id) DO UPDATE SET order_number = excluded.order_number, customer_id = excluded.customer_id, email = excluded.email, currency = excluded.currency, subtotal_cents = excluded.subtotal_cents, tax_cents = excluded.tax_cents, shipping_cents = excluded.shipping_cents, discount_cents = excluded.discount_cents, total_cents = excluded.total_cents, payment_status = excluded.payment_status, fulfillment_status = excluded.fulfillment_status, shipping_country = excluded.shipping_country, promotion_code = excluded.promotion_code, placed_at = excluded.placed_at, created_at = excluded.created_at, updated_at = excluded.updated_at;
INSERT INTO order_items (id, order_id, product_id, variant_id, description, quantity, unit_price_cents, currency) VALUES ('oit_demo_1020_0', 'ord_demo_1020', 'prod_essaouira_crochet', 'var_ess_crm_os', 'ess crm os', 1, 15000, 'USD') ON CONFLICT(id) DO UPDATE SET order_id = excluded.order_id, product_id = excluded.product_id, variant_id = excluded.variant_id, description = excluded.description, quantity = excluded.quantity, unit_price_cents = excluded.unit_price_cents, currency = excluded.currency;
INSERT INTO order_items (id, order_id, product_id, variant_id, description, quantity, unit_price_cents, currency) VALUES ('oit_demo_1020_1', 'ord_demo_1020', 'prod_oualidia_set', 'var_oua_ros_m', 'oua ros m', 1, 16500, 'USD') ON CONFLICT(id) DO UPDATE SET order_id = excluded.order_id, product_id = excluded.product_id, variant_id = excluded.variant_id, description = excluded.description, quantity = excluded.quantity, unit_price_cents = excluded.unit_price_cents, currency = excluded.currency;
INSERT INTO payments (id, order_id, amount_cents, currency, status, method_summary, created_at) VALUES ('pay_demo_1020', 'ord_demo_1020', 33000, 'USD', 'succeeded', 'card •••• 4242', '2026-07-10 21:44:00') ON CONFLICT(id) DO UPDATE SET order_id = excluded.order_id, amount_cents = excluded.amount_cents, currency = excluded.currency, status = excluded.status, method_summary = excluded.method_summary, created_at = excluded.created_at;
INSERT INTO cost_sheets (id, style_id, name, currency, fabric_cost_cents, trim_cost_cents, cut_sew_make_cents, sample_allocation_cents, packaging_cents, freight_cents, insurance_cents, duty_cents, payment_processing_cents, returns_reserve_cents, target_retail_cents, actual_retail_cents, notes) VALUES ('cst_demo_corniche', 'sty_corniche_polo', 'Corniche Polo — US landed', 'USD', 1290, 210, 1980, 240, 160, 410, 45, 780, 390, 250, 12500, 12500, 'Terry from Casablanca keeps freight short; duty is the biggest lever.') ON CONFLICT(id) DO UPDATE SET style_id = excluded.style_id, name = excluded.name, currency = excluded.currency, fabric_cost_cents = excluded.fabric_cost_cents, trim_cost_cents = excluded.trim_cost_cents, cut_sew_make_cents = excluded.cut_sew_make_cents, sample_allocation_cents = excluded.sample_allocation_cents, packaging_cents = excluded.packaging_cents, freight_cents = excluded.freight_cents, insurance_cents = excluded.insurance_cents, duty_cents = excluded.duty_cents, payment_processing_cents = excluded.payment_processing_cents, returns_reserve_cents = excluded.returns_reserve_cents, target_retail_cents = excluded.target_retail_cents, actual_retail_cents = excluded.actual_retail_cents, notes = excluded.notes;
INSERT INTO cost_sheets (id, style_id, name, currency, fabric_cost_cents, trim_cost_cents, cut_sew_make_cents, sample_allocation_cents, packaging_cents, freight_cents, insurance_cents, duty_cents, payment_processing_cents, returns_reserve_cents, target_retail_cents, actual_retail_cents, notes) VALUES ('cst_demo_saadia', 'sty_saadia_dress', 'Saadia Maxi — EU landed', 'USD', 1150, 180, 2750, 320, 160, 280, 40, 0, 450, 290, 14500, 14500, 'EU-Morocco association agreement — zero duty with EUR.1 certificate.') ON CONFLICT(id) DO UPDATE SET style_id = excluded.style_id, name = excluded.name, currency = excluded.currency, fabric_cost_cents = excluded.fabric_cost_cents, trim_cost_cents = excluded.trim_cost_cents, cut_sew_make_cents = excluded.cut_sew_make_cents, sample_allocation_cents = excluded.sample_allocation_cents, packaging_cents = excluded.packaging_cents, freight_cents = excluded.freight_cents, insurance_cents = excluded.insurance_cents, duty_cents = excluded.duty_cents, payment_processing_cents = excluded.payment_processing_cents, returns_reserve_cents = excluded.returns_reserve_cents, target_retail_cents = excluded.target_retail_cents, actual_retail_cents = excluded.actual_retail_cents, notes = excluded.notes;
INSERT INTO activity_events (id, kind, entity_type, entity_id, title, payload, created_at) VALUES ('aev_demo_01', 'po.status.received', 'production_order', 'po_demo_005', 'PO-2026-005 received from Vita Couture SARL', '{"status":"received","poNumber":"PO-2026-005","supplierName":"Vita Couture SARL"}', '2026-06-11 14:20:00') ON CONFLICT(id) DO UPDATE SET kind = excluded.kind, entity_type = excluded.entity_type, entity_id = excluded.entity_id, title = excluded.title, payload = excluded.payload, created_at = excluded.created_at;
INSERT INTO activity_events (id, kind, entity_type, entity_id, title, payload, created_at) VALUES ('aev_demo_02', 'sample.approved', 'sample', 'smp_demo_cor_proto', 'Corniche Polo proto approved', '{"styleId":"sty_corniche_polo","styleName":"Corniche Polo","supplierId":"sup_coupe_cousu","supplierName":"YB Company","round":1,"status":"approved"}', '2026-06-16 10:05:00') ON CONFLICT(id) DO UPDATE SET kind = excluded.kind, entity_type = excluded.entity_type, entity_id = excluded.entity_id, title = excluded.title, payload = excluded.payload, created_at = excluded.created_at;
INSERT INTO activity_events (id, kind, entity_type, entity_id, title, payload, created_at) VALUES ('aev_demo_03', 'po.status.confirmed', 'production_order', 'po_demo_002', 'PO-2026-002 confirmed with Vita Couture SARL', '{"status":"confirmed","poNumber":"PO-2026-002","supplierName":"Vita Couture SARL"}', '2026-06-25 15:45:00') ON CONFLICT(id) DO UPDATE SET kind = excluded.kind, entity_type = excluded.entity_type, entity_id = excluded.entity_id, title = excluded.title, payload = excluded.payload, created_at = excluded.created_at;
INSERT INTO activity_events (id, kind, entity_type, entity_id, title, payload, created_at) VALUES ('aev_demo_04', 'commission.stage_changed', 'commission', 'com_demo_suit', 'Ivory linen trouser suit moved to cutting', '{"stage":"cutting","title":"Ivory linen trouser suit","clientName":"Claire Fontaine"}', '2026-07-04 09:30:00') ON CONFLICT(id) DO UPDATE SET kind = excluded.kind, entity_type = excluded.entity_type, entity_id = excluded.entity_id, title = excluded.title, payload = excluded.payload, created_at = excluded.created_at;
INSERT INTO activity_events (id, kind, entity_type, entity_id, title, payload, created_at) VALUES ('aev_demo_05', 'sample.approved', 'sample', 'smp_demo_tng_pp', 'Tangier Trouser PP approved', '{"styleId":"sty_tangier_trouser","styleName":"Tangier Trouser","supplierId":"sup_ma_vita","supplierName":"Vita Couture SARL","round":3,"status":"approved"}', '2026-07-02 11:12:00') ON CONFLICT(id) DO UPDATE SET kind = excluded.kind, entity_type = excluded.entity_type, entity_id = excluded.entity_id, title = excluded.title, payload = excluded.payload, created_at = excluded.created_at;
INSERT INTO activity_events (id, kind, entity_type, entity_id, title, payload, created_at) VALUES ('aev_demo_06', 'sample.status_changed', 'sample', 'smp_demo_saa_fit', 'Saadia Maxi fit sample needs revisions', '{"styleId":"sty_saadia_dress","styleName":"Saadia Maxi Dress","round":2,"status":"revisions_needed"}', '2026-07-08 16:40:00') ON CONFLICT(id) DO UPDATE SET kind = excluded.kind, entity_type = excluded.entity_type, entity_id = excluded.entity_id, title = excluded.title, payload = excluded.payload, created_at = excluded.created_at;
INSERT INTO activity_events (id, kind, entity_type, entity_id, title, payload, created_at) VALUES ('aev_demo_07', 'research.maker_promoted', 'supplier', 'sup_ma_cotexma', 'Cotexma promoted from R&D into Factories & Suppliers', '{"supplierName":"Cotexma (Atelier Expert Couture Textile Maroc)"}', '2026-07-07 09:58:00') ON CONFLICT(id) DO UPDATE SET kind = excluded.kind, entity_type = excluded.entity_type, entity_id = excluded.entity_id, title = excluded.title, payload = excluded.payload, created_at = excluded.created_at;
INSERT INTO activity_events (id, kind, entity_type, entity_id, title, payload, created_at) VALUES ('aev_demo_08', 'commission.stage_changed', 'commission', 'com_demo_gala', 'Saffron gala kaftan moved to fitting', '{"stage":"fitting","title":"Saffron gala kaftan","clientName":"Amira El Fassi"}', '2026-07-08 15:10:00') ON CONFLICT(id) DO UPDATE SET kind = excluded.kind, entity_type = excluded.entity_type, entity_id = excluded.entity_id, title = excluded.title, payload = excluded.payload, created_at = excluded.created_at;
INSERT INTO activity_events (id, kind, entity_type, entity_id, title, payload, created_at) VALUES ('aev_demo_09', 'po.status.sent', 'production_order', 'po_demo_004', 'PO-2026-004 sent to Atelier de Marrakech', '{"status":"sent","poNumber":"PO-2026-004","supplierName":"Atelier de Marrakech"}', '2026-07-08 17:25:00') ON CONFLICT(id) DO UPDATE SET kind = excluded.kind, entity_type = excluded.entity_type, entity_id = excluded.entity_id, title = excluded.title, payload = excluded.payload, created_at = excluded.created_at;
INSERT INTO activity_events (id, kind, entity_type, entity_id, title, payload, created_at) VALUES ('aev_demo_10', 'sample.status_changed', 'sample', 'smp_demo_med_proto', 'Medina Overshirt proto received', '{"styleId":"sty_medina_overshirt","styleName":"Medina Overshirt","round":1,"status":"received"}', '2026-07-10 12:33:00') ON CONFLICT(id) DO UPDATE SET kind = excluded.kind, entity_type = excluded.entity_type, entity_id = excluded.entity_id, title = excluded.title, payload = excluded.payload, created_at = excluded.created_at;
INSERT INTO research_makers (id, name, market, location, website, email, speciality, min_order, lead_time, price_unit, about, best_use, status, topic) VALUES ('rmaker_demo_01', 'Atlas Knit Coop', 'Morocco', 'Marrakech, Morocco', 'atlasknit.example.com', 'hello@atlasknit.example.com', 'Hand crochet & artisan knits', '50-200 (managed)', '6-8 wks', '$18-32', 'Women''s cooperative doing hand crochet and chunky knits; gauge swatches on request.', 'Cruise crochet program if the Essaouira coverup scales.', 'sampling', 'Knitwear') ON CONFLICT(id) DO UPDATE SET name = excluded.name, market = excluded.market, location = excluded.location, website = excluded.website, email = excluded.email, speciality = excluded.speciality, min_order = excluded.min_order, lead_time = excluded.lead_time, price_unit = excluded.price_unit, about = excluded.about, best_use = excluded.best_use, status = excluded.status, topic = excluded.topic;
INSERT INTO research_makers (id, name, market, location, website, email, speciality, min_order, lead_time, price_unit, about, best_use, status, topic) VALUES ('rmaker_demo_02', 'Porto Fino Malhas', 'Portugal', 'Barcelos, Portugal', 'portofinomalhas.example.pt', 'geral@portofinomalhas.example.pt', 'Fine-gauge knitwear', '100/style', '4-6 wks sample', 'EUR 22-38', 'Family knitting mill, fully-fashioned programs, GOTS cotton yarns in stock.', 'AW28 knit capsule if we go fine-gauge.', 'contacted', 'Knitwear') ON CONFLICT(id) DO UPDATE SET name = excluded.name, market = excluded.market, location = excluded.location, website = excluded.website, email = excluded.email, speciality = excluded.speciality, min_order = excluded.min_order, lead_time = excluded.lead_time, price_unit = excluded.price_unit, about = excluded.about, best_use = excluded.best_use, status = excluded.status, topic = excluded.topic;
INSERT INTO research_makers (id, name, market, location, website, email, speciality, min_order, lead_time, price_unit, about, best_use, status, topic) VALUES ('rmaker_demo_03', 'Tanger Denim Works', 'Morocco', 'Tangier, Morocco', 'tangerdenim.example.com', NULL, 'Denim & heavy twill', '300/style', '8-10 wks', '$14-19', 'Laser finishing and ozone wash in-house; mostly EU high-street contracts.', 'Only if a denim line ever happens — MOQ is steep for us.', 'researching', 'Denim') ON CONFLICT(id) DO UPDATE SET name = excluded.name, market = excluded.market, location = excluded.location, website = excluded.website, email = excluded.email, speciality = excluded.speciality, min_order = excluded.min_order, lead_time = excluded.lead_time, price_unit = excluded.price_unit, about = excluded.about, best_use = excluded.best_use, status = excluded.status, topic = excluded.topic;
INSERT INTO research_makers (id, name, market, location, website, email, speciality, min_order, lead_time, price_unit, about, best_use, status, topic) VALUES ('rmaker_demo_04', 'Studio Lisboa Amostras', 'Portugal', 'Lisbon, Portugal', 'lisboaamostras.example.pt', 'studio@lisboaamostras.example.pt', 'Sampling & small runs', '1-50 (managed)', '2-3 wks sample', 'EUR 45-70', 'Sample room that also does micro-runs; strong on fluid viscose and silk.', 'Fast proto partner for the Saadia line when Casablanca is at capacity.', 'approved', 'Sampling') ON CONFLICT(id) DO UPDATE SET name = excluded.name, market = excluded.market, location = excluded.location, website = excluded.website, email = excluded.email, speciality = excluded.speciality, min_order = excluded.min_order, lead_time = excluded.lead_time, price_unit = excluded.price_unit, about = excluded.about, best_use = excluded.best_use, status = excluded.status, topic = excluded.topic;
INSERT INTO research_notes (id, title, body_md, topic, tags, citations, kind, pinned) VALUES ('rnote_demo_01', 'Linen sourcing — Belgian vs Portuguese mills', '## The short version

Belgian linen (Libeco) reads as the quality story our customer expects, but Portuguese mills within two hours of our Tangier makers cut freight and lead time nearly in half.

- Libeco: heritage story, 320gsm suiting weight, ~EUR 24/m at our volumes
- Fielpor (Guimaraes): comparable hand, ~EUR 16/m, 3 wk delivery
- Keep Libeco for hero pieces, move volume styles to Portuguese cloth

Decision parked until the SS28 fabric budget is set.', 'Fabrics', '["linen","mills","sourcing"]', '["https://www.libeco.com","https://european-flax.com"]', 'search', 1) ON CONFLICT(id) DO UPDATE SET title = excluded.title, body_md = excluded.body_md, topic = excluded.topic, tags = excluded.tags, citations = excluded.citations, kind = excluded.kind, pinned = excluded.pinned;
INSERT INTO research_notes (id, title, body_md, topic, tags, citations, kind, pinned) VALUES ('rnote_demo_02', 'Wholesale timing — cruise buying windows', 'Buyers for US resort doors write cruise orders **June through August** for November delivery. If we want Corniche Polo and Saadia Maxi in boutiques for Cruise 27 we need line sheets out by mid-June and PP samples photographed before Eid.

Showroom option: join a Paris showroom for the January window instead — lower risk, later cash.', 'Wholesale', '["cruise","buying-calendar"]', '[]', 'note', 0) ON CONFLICT(id) DO UPDATE SET title = excluded.title, body_md = excluded.body_md, topic = excluded.topic, tags = excluded.tags, citations = excluded.citations, kind = excluded.kind, pinned = excluded.pinned;
INSERT INTO research_brands (id, name, website, instagram, segment, positioning, price_floor_cents, price_ceiling_cents, currency, channels, dossier_md, citations, watch, last_researched_at) VALUES ('rbrand_demo_01', 'Marrakshi Life', 'marrakshilife.com', '@marrakshilife', 'direct', 'Hand-woven Moroccan atelier wear, unisex, hotel-boutique darling.', 18500, 68000, 'USD', '["dtc","wholesale"]', '## Positioning
Hand-woven-in-Marrakech atelier label selling artisanal ease to design-literate travellers; strong hotel and concept-store presence.

## Price architecture
Woven shirting $185-295, dresses and robes $340-480, outerwear to $680.

## Channels & stockists
DTC plus tight wholesale: concept stores and five-star hotel boutiques rather than department doors.

## Recent moves
Leaning into made-to-order and studio visits; steady drumbeat of hotel collaborations.

## Read for an independent label
- Their loom story earns the premium — our tailoring story must be equally concrete.
- Hotel boutiques are a viable early wholesale lane in Morocco.
- They under-serve tailored silhouettes; that is our gap.', '["https://marrakshilife.com","https://www.instagram.com/marrakshilife"]', 1, '2026-07-06 08:03:00') ON CONFLICT(id) DO UPDATE SET name = excluded.name, website = excluded.website, instagram = excluded.instagram, segment = excluded.segment, positioning = excluded.positioning, price_floor_cents = excluded.price_floor_cents, price_ceiling_cents = excluded.price_ceiling_cents, currency = excluded.currency, channels = excluded.channels, dossier_md = excluded.dossier_md, citations = excluded.citations, watch = excluded.watch, last_researched_at = excluded.last_researched_at;
INSERT INTO research_brands (id, name, website, instagram, segment, positioning, price_floor_cents, price_ceiling_cents, currency, channels, dossier_md, citations, watch, last_researched_at) VALUES ('rbrand_demo_02', 'LemLem', 'lemlem.com', '@lemlem', 'aspirational', 'Artisan-made resortwear at scale — proof the category supports real price ceilings.', 16000, 55000, 'USD', '["dtc","wholesale","marketplace"]', NULL, '[]', 0, NULL) ON CONFLICT(id) DO UPDATE SET name = excluded.name, website = excluded.website, instagram = excluded.instagram, segment = excluded.segment, positioning = excluded.positioning, price_floor_cents = excluded.price_floor_cents, price_ceiling_cents = excluded.price_ceiling_cents, currency = excluded.currency, channels = excluded.channels, dossier_md = excluded.dossier_md, citations = excluded.citations, watch = excluded.watch, last_researched_at = excluded.last_researched_at;
INSERT INTO research_brands (id, name, website, instagram, segment, positioning, price_floor_cents, price_ceiling_cents, currency, channels, dossier_md, citations, watch, last_researched_at) VALUES ('rbrand_demo_03', 'Zeus+Dione', 'zeusndione.com', '@zeusndione', 'adjacent', 'Greek craft-luxury resort house; adjacent geography, same customer on a different island.', 22000, 90000, 'USD', '["dtc","wholesale"]', NULL, '[]', 0, NULL) ON CONFLICT(id) DO UPDATE SET name = excluded.name, website = excluded.website, instagram = excluded.instagram, segment = excluded.segment, positioning = excluded.positioning, price_floor_cents = excluded.price_floor_cents, price_ceiling_cents = excluded.price_ceiling_cents, currency = excluded.currency, channels = excluded.channels, dossier_md = excluded.dossier_md, citations = excluded.citations, watch = excluded.watch, last_researched_at = excluded.last_researched_at;
INSERT INTO price_studies (id, name, category, market, style_id, currency, band_low_cents, band_mid_cents, band_high_cents, recommendation_md, citations, status, last_researched_at) VALUES ('pstudy_demo_01', 'Linen maxi dress', 'Linen maxi dress', 'US direct-to-consumer', 'sty_saadia_dress', 'USD', 12500, 17500, 26500, '## Recommendation
The contemporary band for artisanal linen maxis sits $125-265; brands with a making story (Marrakshi Life, LemLem) hold $165-245 without discounting. With Belgian linen and Casablanca tailoring, **$145 target retail** sits confidently mid-band while protecting a wholesale margin at 2.3x.', '["https://marrakshilife.com","https://lemlem.com"]', 'decided', '2026-07-03 10:12:00') ON CONFLICT(id) DO UPDATE SET name = excluded.name, category = excluded.category, market = excluded.market, style_id = excluded.style_id, currency = excluded.currency, band_low_cents = excluded.band_low_cents, band_mid_cents = excluded.band_mid_cents, band_high_cents = excluded.band_high_cents, recommendation_md = excluded.recommendation_md, citations = excluded.citations, status = excluded.status, last_researched_at = excluded.last_researched_at;
INSERT INTO price_studies (id, name, category, market, style_id, currency, band_low_cents, band_mid_cents, band_high_cents, recommendation_md, citations, status, last_researched_at) VALUES ('pstudy_demo_02', 'Terry polo', 'Cotton terry polo', 'US direct-to-consumer', 'sty_corniche_polo', 'USD', 9500, 12500, 18500, NULL, '[]', 'open', NULL) ON CONFLICT(id) DO UPDATE SET name = excluded.name, category = excluded.category, market = excluded.market, style_id = excluded.style_id, currency = excluded.currency, band_low_cents = excluded.band_low_cents, band_mid_cents = excluded.band_mid_cents, band_high_cents = excluded.band_high_cents, recommendation_md = excluded.recommendation_md, citations = excluded.citations, status = excluded.status, last_researched_at = excluded.last_researched_at;
INSERT INTO price_study_comps (id, study_id, brand, product, price_cents, currency, url, fabric, origin) VALUES ('pcomp_demo_01', 'pstudy_demo_01', 'Marrakshi Life', 'Woven maxi dress', 42000, 'USD', 'https://marrakshilife.com', 'Hand-woven cotton', 'Morocco') ON CONFLICT(id) DO UPDATE SET study_id = excluded.study_id, brand = excluded.brand, product = excluded.product, price_cents = excluded.price_cents, currency = excluded.currency, url = excluded.url, fabric = excluded.fabric, origin = excluded.origin;
INSERT INTO price_study_comps (id, study_id, brand, product, price_cents, currency, url, fabric, origin) VALUES ('pcomp_demo_02', 'pstudy_demo_01', 'LemLem', 'Makeda maxi', 24500, 'USD', 'https://lemlem.com', 'Cotton blend', 'Ethiopia') ON CONFLICT(id) DO UPDATE SET study_id = excluded.study_id, brand = excluded.brand, product = excluded.product, price_cents = excluded.price_cents, currency = excluded.currency, url = excluded.url, fabric = excluded.fabric, origin = excluded.origin;
INSERT INTO price_study_comps (id, study_id, brand, product, price_cents, currency, url, fabric, origin) VALUES ('pcomp_demo_03', 'pstudy_demo_01', 'Reformation', 'Linen maxi', 17800, 'USD', 'https://thereformation.com', 'European linen', 'Turkey') ON CONFLICT(id) DO UPDATE SET study_id = excluded.study_id, brand = excluded.brand, product = excluded.product, price_cents = excluded.price_cents, currency = excluded.currency, url = excluded.url, fabric = excluded.fabric, origin = excluded.origin;
INSERT INTO price_study_comps (id, study_id, brand, product, price_cents, currency, url, fabric, origin) VALUES ('pcomp_demo_04', 'pstudy_demo_01', 'Quince', '100% linen maxi', 6990, 'USD', 'https://quince.com', 'European linen', 'China') ON CONFLICT(id) DO UPDATE SET study_id = excluded.study_id, brand = excluded.brand, product = excluded.product, price_cents = excluded.price_cents, currency = excluded.currency, url = excluded.url, fabric = excluded.fabric, origin = excluded.origin;
INSERT INTO price_study_comps (id, study_id, brand, product, price_cents, currency, url, fabric, origin) VALUES ('pcomp_demo_05', 'pstudy_demo_01', 'Posse', 'Emma linen dress', 26000, 'USD', 'https://posse.com', 'French linen', 'China') ON CONFLICT(id) DO UPDATE SET study_id = excluded.study_id, brand = excluded.brand, product = excluded.product, price_cents = excluded.price_cents, currency = excluded.currency, url = excluded.url, fabric = excluded.fabric, origin = excluded.origin;
INSERT INTO trend_boards (id, title, season, focus, brief_md, citations, items, status, watch, last_researched_at) VALUES ('tboard_demo_01', 'Fluid tailoring', 'SS27', 'silhouettes', '## The direction
Soft-shoulder jackets and wide, pressed-crease trousers in fluid wovens — tailoring language without the armour.

## Who''s showing it
Consistent across The Row, Toteme and Saint Laurent resort; filtering into contemporary via St. Agni and Rohe.

## Materials & making
Fluid viscose-linen blends, sand-washed cupro, heavier silk twill. Our Tangier trouser block already speaks this language.

## Wear it forward
- Cut the Tangier trouser in the Kurabo chambray for a softer read
- One soft blazer, not a suiting program
- Press creases, no shoulder-pad tooling needed', '["https://www.vogue.com/fashion-shows"]', '[{"label":"soft-shoulder blazer"},{"label":"wide pressed-crease trouser"},{"label":"sand-washed cupro"}]', 'exploring', 1, '2026-07-05 07:44:00') ON CONFLICT(id) DO UPDATE SET title = excluded.title, season = excluded.season, focus = excluded.focus, brief_md = excluded.brief_md, citations = excluded.citations, items = excluded.items, status = excluded.status, watch = excluded.watch, last_researched_at = excluded.last_researched_at;
INSERT INTO trend_boards (id, title, season, focus, brief_md, citations, items, status, watch, last_researched_at) VALUES ('tboard_demo_02', 'Crochet revival', 'Cruise 27', 'fabrics', NULL, '[]', '[{"label":"open-work crochet coverups"},{"label":"raffia accents"}]', 'exploring', 0, NULL) ON CONFLICT(id) DO UPDATE SET title = excluded.title, season = excluded.season, focus = excluded.focus, brief_md = excluded.brief_md, citations = excluded.citations, items = excluded.items, status = excluded.status, watch = excluded.watch, last_researched_at = excluded.last_researched_at;
INSERT INTO research_stockists (id, name, kind, city, country, website, email, brands_carried, price_point, fit_note, status, last_researched_at) VALUES ('rstock_demo_01', 'Le 66 Concept', 'boutique', 'Marrakech', 'Morocco', 'le66concept.example.com', 'buyer@le66concept.example.com', 'Marrakshi Life, local ateliers, French resort labels', 'contemporary', 'Two blocks from the hotel cluster; buyer already carries our direct comp.', 'in_talks', '2026-06-28 09:30:00') ON CONFLICT(id) DO UPDATE SET name = excluded.name, kind = excluded.kind, city = excluded.city, country = excluded.country, website = excluded.website, email = excluded.email, brands_carried = excluded.brands_carried, price_point = excluded.price_point, fit_note = excluded.fit_note, status = excluded.status, last_researched_at = excluded.last_researched_at;
INSERT INTO research_stockists (id, name, kind, city, country, website, email, brands_carried, price_point, fit_note, status, last_researched_at) VALUES ('rstock_demo_02', 'Riad Yima Boutique', 'boutique', 'Marrakech', 'Morocco', 'riadyima.example.com', NULL, 'Artisan-made resortwear, homeware, local designers', 'contemporary', 'Small but the right crowd; good first consignment door.', 'stocked', NULL) ON CONFLICT(id) DO UPDATE SET name = excluded.name, kind = excluded.kind, city = excluded.city, country = excluded.country, website = excluded.website, email = excluded.email, brands_carried = excluded.brands_carried, price_point = excluded.price_point, fit_note = excluded.fit_note, status = excluded.status, last_researched_at = excluded.last_researched_at;
INSERT INTO research_stockists (id, name, kind, city, country, website, email, brands_carried, price_point, fit_note, status, last_researched_at) VALUES ('rstock_demo_03', 'Beldi Country Club Boutique', 'boutique', 'Marrakech', 'Morocco', 'beldicountryclub.example.com', NULL, 'Artisan-made resortwear, homeware', 'advanced contemporary', 'Hotel boutique — exactly the Marrakshi Life lane; pitch after PP photography.', 'shortlist', NULL) ON CONFLICT(id) DO UPDATE SET name = excluded.name, kind = excluded.kind, city = excluded.city, country = excluded.country, website = excluded.website, email = excluded.email, brands_carried = excluded.brands_carried, price_point = excluded.price_point, fit_note = excluded.fit_note, status = excluded.status, last_researched_at = excluded.last_researched_at;
INSERT INTO research_stockists (id, name, kind, city, country, website, email, brands_carried, price_point, fit_note, status, last_researched_at) VALUES ('rstock_demo_04', 'Couverture & The Garbstore', 'boutique', 'London', 'UK', 'couvertureandthegarbstore.com', NULL, 'Rohe, Cawley, Studio Nicholson', 'advanced contemporary', 'Stretch door for AW28 — needs the fluid tailoring story to land first.', 'researching', NULL) ON CONFLICT(id) DO UPDATE SET name = excluded.name, kind = excluded.kind, city = excluded.city, country = excluded.country, website = excluded.website, email = excluded.email, brands_carried = excluded.brands_carried, price_point = excluded.price_point, fit_note = excluded.fit_note, status = excluded.status, last_researched_at = excluded.last_researched_at;
INSERT INTO activity_events (id, kind, entity_type, entity_id, title, payload, created_at) VALUES ('aev_demo_11', 'research.brand_refreshed', 'research_brand', 'rbrand_demo_01', 'Watched brand refreshed: Marrakshi Life — see what changed in R&D', '{"name":"Marrakshi Life"}', '2026-07-06 08:03:00') ON CONFLICT(id) DO UPDATE SET kind = excluded.kind, entity_type = excluded.entity_type, entity_id = excluded.entity_id, title = excluded.title, payload = excluded.payload, created_at = excluded.created_at;
INSERT INTO activity_events (id, kind, entity_type, entity_id, title, payload, created_at) VALUES ('aev_demo_12', 'research.retail_applied', 'cost_sheet', 'cst_demo_saadia', 'Target retail for Saadia Maxi Dress set from the Linen maxi dress price study', '{"styleId":"sty_saadia_dress","retail":14500}', '2026-07-03 10:20:00') ON CONFLICT(id) DO UPDATE SET kind = excluded.kind, entity_type = excluded.entity_type, entity_id = excluded.entity_id, title = excluded.title, payload = excluded.payload, created_at = excluded.created_at;
INSERT OR REPLACE INTO brand_brain (id, mode, status, answers_json, checklist_json, onboarded, updated_at) VALUES ('brain', 'new', 'draft', '{"brand.name":"Maison Atlantique","brand.category":"Elevated coastal resortwear — linen-forward separates and easy dresses","brand.target":"The woman who plans her year around the sea. She summers in Tangier, Comporta or the Aegean, buys few things well, and wants to look composed from the morning market to a late dinner without a suitcase of options.","brand.feeling":"A whitewashed riad at golden hour — warm stone, sea air, linen moving in the breeze. Unhurried, sun-worn, quietly expensive.","brand.gap":"Resortwear splits in two: disposable holiday fast-fashion, and €900 designer vacation pieces. Almost nothing in between is genuinely well-made, honestly sourced, and priced for a woman who takes two good trips a year rather than ten. Maison Atlantique owns that middle — Mediterranean-made, transparent, built to outlast the season.","brand.rejects":"Logo-driven, trend-chasing poolside costume. Nothing that only works on holiday.","brand.thesis":"Maison Atlantique makes elevated coastal resortwear for women who dress around the sea — linen-forward separates and easy dresses, made in Morocco and Portugal, priced in the honest gap between disposable holiday clothes and designer vacationwear. Few pieces, done properly, that read as composed from the beach to a late dinner and last far beyond one summer.","brand.words":["sun-worn","composed","linen","Mediterranean","unhurried","tactile","warm","considered","coastal","honest","timeless","easy"],"brand.antiWords":["poolside","logo","fast","costume","disposable","loud"],"brand.references":["Marrakshi Life","Toteme","St. Agni","Rohe","Cawley"],"brand.voice":"Warm, plain and quietly assured — like a well-travelled friend who knows the good tailor in Tangier. No hype, no exclamation marks. We talk about cloth, provenance and how a piece wears in five summers, not about trends.","brand.palette":["chalk","warm sand","terracotta","saffron","faded indigo","olive"],"brand.type":"A warm humanist serif for the wordmark, a quiet grotesque sans for everything else — editorial but unfussy.","collection.skuCount":"9 styles at launch","collection.categories":["Trousers","Shirting","Dresses","Knitwear","Cover-ups","Skirts"],"collection.hero":"The Tangier Trouser — a wide, pressed-crease linen trouser in Libeco heritage cloth","collection.colorways":"2–3 per style (chalk, warm sand, and one seasonal — SS27 is a faded-indigo chambray)","collection.calendar":"Seasonal (SS/AW)","design.concept":"A wide-leg, high-rise linen trouser with a pressed crease and a soft, unstructured waistband — heritage Belgian linen the colour of warm chalk, photographed on sun-warmed stone at golden hour.","prod.region":"Morocco","prod.regionWhy":"Our makers are in Marrakech, Tangier and Casablanca — genuine small-batch ateliers that run 100-unit orders — plus a real duty story: the EU–Morocco association agreement means zero duty into the EU with an EUR.1 certificate, and yarn-forward Moroccan cloth qualifies for US GSP review. Short freight, and a Mediterranean-made narrative that IS the brand.","prod.moq":"Fewer styles at higher depth. 9 styles, ~120 units each at launch, part-funded by a pre-order window on the two hero pieces. One blanket linen order across the trouser and shirting to clear the mill MOQ once.","prod.fabrics":["Libeco heritage linen (BE)","Somelos cotton poplin (PT)","Atlas loop-back terry (MA)","Bursa viscose crepe (TR)","Kurabo 4.5oz chambray (JP)"],"prod.sampleRounds":"3","cost.markets":["European Union","United Kingdom","United States"],"cost.dutyNotes":"EU: zero duty from Morocco with an EUR.1 movement certificate (association agreement). US: linen apparel ~14–16% MFN; pursuing yarn-forward/GSP qualification on the Moroccan canvas styles. UK: factor ~12% on MA-origin post-Brexit.","cost.avgRetail":"€145 average, €95–€320 range","cost.targetMargin":"62% DTC gross margin","cost.wholesale":"Selective only — keystone (2.2–2.5×) to a short list of coastal boutiques; never below 55% of our own retail.","commerce.phase":"DTC + selective wholesale","commerce.preorder":"A 3-week pre-order window on the two hero styles before the drop — charge at order, cap at production depth, no discount (early access is the incentive). Funds the first cut.","commerce.fulfilment":"Self-ship from the Marrakech studio for launch; move to an EU 3PL (Portugal) once volume justifies it.","launch.date":"May 2027 (ahead of the northern-hemisphere summer)","launch.listGoal":"3,000 pre-launch emails","launch.campaign":"\"Dressed for the sea\" — a quiet campaign shot on location on the Atlantic coast of Morocco: the same nine pieces worn from morning market to late dinner, maker and provenance named on every look. Lead with the Tangier Trouser.","fin.budget":"€45,000 launch budget","fin.launchUnits":"~1,080 units (9 styles × ~120)","fin.risks":["Single production region — build a Portugal backup for shirting","Summer-timed demand is narrow — extend with trans-seasonal linen and a small AW capsule","Cold-start audience — six months of pre-launch content and the pre-order list before the drop","Linen MOQ ties up cash — blanket order plus pre-order funding to de-risk"]}', '{}', 1, '2026-07-08 09:00:00');
