-- Demo-shop seed (generated by scripts/demo-seed.mjs — edit that, not this).
-- Idempotent: fixed demo-prefixed ids, INSERT OR REPLACE throughout.

INSERT OR REPLACE INTO fabrics (id, name, supplier_id, composition, weight_gsm, origin_country, price_per_meter_cents, currency, lead_time_days, moq_meters, notes) VALUES ('fab_demo_libeco', 'Libeco heritage linen', NULL, '100% linen', 240, 'BE', 1850, 'EUR', 28, 100, 'The Tangier Trouser cloth. Softens beautifully after two washes.');
INSERT OR REPLACE INTO fabrics (id, name, supplier_id, composition, weight_gsm, origin_country, price_per_meter_cents, currency, lead_time_days, moq_meters, notes) VALUES ('fab_demo_poplin', 'Somelos cotton poplin', NULL, '100% long-staple cotton', 120, 'PT', 950, 'EUR', 21, 150, 'Corniche Polo collar stand + Medina Overshirt.');
INSERT OR REPLACE INTO fabrics (id, name, supplier_id, composition, weight_gsm, origin_country, price_per_meter_cents, currency, lead_time_days, moq_meters, notes) VALUES ('fab_demo_terry', 'Atlas loop-back terry', 'sup_coupe_cousu', '95% cotton / 5% elastane', 320, 'MA', 720, 'EUR', 14, 200, 'Knitted in Casablanca — short lead, our workhorse.');
INSERT OR REPLACE INTO fabrics (id, name, supplier_id, composition, weight_gsm, origin_country, price_per_meter_cents, currency, lead_time_days, moq_meters, notes) VALUES ('fab_demo_crepe', 'Bursa viscose crepe', NULL, '100% viscose', 180, 'TR', 640, 'EUR', 25, 300, 'Saadia Maxi — the drape the whole dress depends on.');
INSERT OR REPLACE INTO fabrics (id, name, supplier_id, composition, weight_gsm, origin_country, price_per_meter_cents, currency, lead_time_days, moq_meters, notes) VALUES ('fab_demo_chambray', 'Kurabo 4.5oz chambray', NULL, '100% cotton, indigo warp', 150, 'JP', 2100, 'EUR', 45, 80, 'Leila Halter SS27 colourway. Worth the wait, watch the MOQ.');
INSERT OR REPLACE INTO fabrics (id, name, supplier_id, composition, weight_gsm, origin_country, price_per_meter_cents, currency, lead_time_days, moq_meters, notes) VALUES ('fab_demo_crochet', 'Giza mercerised crochet yarn', NULL, '100% Egyptian cotton', NULL, 'EG', 480, 'EUR', 30, 250, 'Essaouira Coverup — sold per cone, 480 = per 100g.');
INSERT OR REPLACE INTO fabrics (id, name, supplier_id, composition, weight_gsm, origin_country, price_per_meter_cents, currency, lead_time_days, moq_meters, notes) VALUES ('fab_demo_canvas', 'Marrakech slub canvas', 'sup_ma_ateliermarrakech', '80% cotton / 20% hemp', 280, 'MA', 830, 'EUR', 18, 120, 'Oualidia Skirt Set body. Yarn-forward qualifies under US GSP review.');
INSERT OR REPLACE INTO trims (id, name, supplier_id, spec, price_per_unit_cents, currency, notes) VALUES ('trm_demo_corozo', 'Corozo buttons 18L', NULL, 'Natural corozo, dyed navy, 18 ligne', 38, 'EUR', 'Tangier + Medina. Corozo reads premium next to linen.');
INSERT OR REPLACE INTO trims (id, name, supplier_id, spec, price_per_unit_cents, currency, notes) VALUES ('trm_demo_zip', 'YKK Excella zip 18cm', NULL, 'Antique brass, closed-end', 145, 'EUR', 'Oualidia skirt. Excella only — the teeth are jewellery.');
INSERT OR REPLACE INTO trims (id, name, supplier_id, spec, price_per_unit_cents, currency, notes) VALUES ('trm_demo_label', 'Woven main label', NULL, 'Damask weave, 60x18mm, chalk on navy', 22, 'EUR', 'Porto mill, ships with care labels in the same box.');
INSERT OR REPLACE INTO trims (id, name, supplier_id, spec, price_per_unit_cents, currency, notes) VALUES ('trm_demo_drawcord', 'Braided drawcord 6mm', 'sup_coupe_cousu', 'Ecru cotton braid, waxed tips', 55, 'EUR', 'Anfa Trouser waist.');
INSERT OR REPLACE INTO trims (id, name, supplier_id, spec, price_per_unit_cents, currency, notes) VALUES ('trm_demo_elastic', 'Soft-hand elastic 30mm', NULL, 'Plush-back, 30mm', 60, 'EUR', 'Oualidia waistband — the plush back is the whole point.');
UPDATE suppliers SET is_verified = 1 WHERE id IN ('sup_coupe_cousu','sup_ma_ateliermarrakech','sup_ma_vita');
INSERT OR REPLACE INTO supplier_interactions (id, supplier_id, kind, direction, subject, summary, follow_up_due, needs_response, created_at) VALUES ('six_demo_01', 'sup_coupe_cousu', 'email', 'outbound', 'PO-2026-003 confirmation', 'Sent the confirmed PO with the size breakdown. Asked for revised ex-factory after the Eid closure.', NULL, 0, '2026-06-24 09:12:00');
INSERT OR REPLACE INTO supplier_interactions (id, supplier_id, kind, direction, subject, summary, follow_up_due, needs_response, created_at) VALUES ('six_demo_02', 'sup_coupe_cousu', 'email', 'inbound', 'Re: PO-2026-003 confirmation', 'Ex-factory confirmed 22 Aug. Terry greige already booked with the mill.', NULL, 0, '2026-06-25 15:40:00');
INSERT OR REPLACE INTO supplier_interactions (id, supplier_id, kind, direction, subject, summary, follow_up_due, needs_response, created_at) VALUES ('six_demo_03', 'sup_ma_ateliermarrakech', 'whatsapp', 'inbound', 'Saadia fit sample photos', 'Sent photos of the fit round on their house form — waist stay looks right, hem still breaks 2cm long.', '2026-07-13', 1, '2026-07-09 18:05:00');
INSERT OR REPLACE INTO supplier_interactions (id, supplier_id, kind, direction, subject, summary, follow_up_due, needs_response, created_at) VALUES ('six_demo_04', 'sup_ma_vita', 'visit', 'outbound', 'Tangier factory visit', 'Walked the line with Souad. Buttonhole density fixed since proto; agreed PP sample before bulk cut.', NULL, 0, '2026-06-17 11:00:00');
INSERT OR REPLACE INTO supplier_interactions (id, supplier_id, kind, direction, subject, summary, follow_up_due, needs_response, created_at) VALUES ('six_demo_05', 'sup_ma_vita', 'quote', 'inbound', 'Oualidia set CMT quote', 'CMT at 61 MAD/set for 300 sets, 54 at 500. Zip insertion included, pressing extra.', '2026-07-14', 1, '2026-07-10 10:22:00');
INSERT OR REPLACE INTO supplier_interactions (id, supplier_id, kind, direction, subject, summary, follow_up_due, needs_response, created_at) VALUES ('six_demo_06', 'sup_hitex', 'email', 'outbound', 'Crochet capacity for October', 'Asked whether the handwork cooperative can take 400 coverups for cruise. Awaiting confirmation.', NULL, 0, '2026-07-06 08:45:00');
INSERT OR REPLACE INTO supplier_interactions (id, supplier_id, kind, direction, subject, summary, follow_up_due, needs_response, created_at) VALUES ('six_demo_07', 'sup_ma_flores', 'call', 'outbound', 'Chambray allocation', 'Reserved 90m of the Kurabo chambray through their Tangier agent; invoice to follow.', NULL, 0, '2026-07-02 16:30:00');
INSERT OR REPLACE INTO supplier_interactions (id, supplier_id, kind, direction, subject, summary, follow_up_due, needs_response, created_at) VALUES ('six_demo_08', 'sup_ma_ateliermarrakech', 'sample_feedback', 'outbound', 'Saadia fit round notes', 'Sent annotated photos: raise armhole 8mm, ease waist dart 4mm, hem -20mm. Round 3 requested.', NULL, 0, '2026-07-10 09:15:00');
INSERT OR REPLACE INTO supplier_interactions (id, supplier_id, kind, direction, subject, summary, follow_up_due, needs_response, created_at) VALUES ('six_demo_09', 'sup_coupe_cousu', 'email', 'inbound', 'Terry lab dips', 'Lab dips for Deep Navy and Sand attached. Navy is a half-shade warm — resubmitting Tuesday.', NULL, 0, '2026-07-08 13:55:00');
INSERT OR REPLACE INTO supplier_interactions (id, supplier_id, kind, direction, subject, summary, follow_up_due, needs_response, created_at) VALUES ('six_demo_10', 'sup_ma_cotexma', 'email', 'outbound', 'Intro + Anfa Trouser brief', 'Introduced the studio, shared the Anfa tech pack for a second-source CMT quote.', NULL, 0, '2026-07-07 10:05:00');
INSERT OR REPLACE INTO tech_packs (id, style_id, code, name, version, status, season, source, summary) VALUES ('tp_demo_anfa', 'sty_anfa_trouser', 'TP-MA-M-TRS-002-v2', 'Anfa Trouser', 2, 'approved', 'SS27', 'style', 'Relaxed drawcord trouser in slub canvas. v2 fixes the pocket-bag twist from proto.');
INSERT OR REPLACE INTO tech_packs (id, style_id, code, name, version, status, season, source, summary) VALUES ('tp_demo_corniche', 'sty_corniche_polo', 'TP-MA-M-PLO-003-v1', 'Corniche Polo', 1, 'sent_to_factory', 'SS27', 'style', 'Terry polo, one-piece collar. Sent to Casablanca with the lab-dip references.');
INSERT OR REPLACE INTO tech_packs (id, style_id, code, name, version, status, season, source, summary) VALUES ('tp_demo_medina', 'sty_medina_overshirt', 'TP-MA-M-OSH-004-v1', 'Medina Overshirt', 1, 'approved', 'SS27', 'style', 'Poplin overshirt, corozo front, split yoke.');
INSERT OR REPLACE INTO tech_packs (id, style_id, code, name, version, status, season, source, summary) VALUES ('tp_demo_leila', 'sty_leila_halter', 'TP-MA-W-HAL-006-v1', 'Leila Halter Top', 1, 'in_review', 'SS27', 'style', 'Chambray halter — bias neck band under review after the drape test.');
INSERT OR REPLACE INTO tech_packs (id, style_id, code, name, version, status, season, source, summary) VALUES ('tp_demo_oualidia', 'sty_oualidia_set', 'TP-MA-W-SET-007-v1', 'Oualidia Skirt Set', 1, 'approved', 'SS27', 'style', 'Two-piece: elastic-back skirt + cropped shell in slub canvas.');
INSERT OR REPLACE INTO tech_packs (id, style_id, code, name, version, status, season, source, summary) VALUES ('tp_demo_essaouira', 'sty_essaouira_crochet', 'TP-MA-W-CRO-008-v1', 'Essaouira Coverup', 1, 'draft', 'Cruise 27', 'style', 'Hand-crochet coverup. Spec drafted; stitch diagrams pending the cooperative''s gauge swatch.');
INSERT OR REPLACE INTO samples (id, style_id, supplier_id, round, kind, status, requested_at, received_at, notes) VALUES ('smp_demo_tng_fit', 'sty_tangier_trouser', 'sup_ma_vita', 2, 'fit', 'approved', '2026-05-28', '2026-06-12', 'Fit approved on the 32. Rise sits exactly on the tech pack line.');
INSERT OR REPLACE INTO samples (id, style_id, supplier_id, round, kind, status, requested_at, received_at, notes) VALUES ('smp_demo_tng_pp', 'sty_tangier_trouser', 'sup_ma_vita', 3, 'pp', 'approved', '2026-06-18', '2026-07-02', 'PP approved — buttonhole density corrected. Cleared for bulk cut.');
INSERT OR REPLACE INTO samples (id, style_id, supplier_id, round, kind, status, requested_at, received_at, notes) VALUES ('smp_demo_saa_fit', 'sty_saadia_dress', 'sup_ma_ateliermarrakech', 2, 'fit', 'revisions_needed', '2026-06-20', '2026-07-08', 'Armhole 8mm high, waist dart pulls, hem breaks long. Round 3 requested.');
INSERT OR REPLACE INTO samples (id, style_id, supplier_id, round, kind, status, requested_at, received_at, notes) VALUES ('smp_demo_cor_proto', 'sty_corniche_polo', 'sup_coupe_cousu', 1, 'proto', 'approved', '2026-06-02', '2026-06-16', 'Collar roll is right first try. Terry weight confirmed at 320gsm.');
INSERT OR REPLACE INTO samples (id, style_id, supplier_id, round, kind, status, requested_at, received_at, notes) VALUES ('smp_demo_cor_sms', 'sty_corniche_polo', 'sup_coupe_cousu', 2, 'sms', 'in_review', '2026-06-24', '2026-07-09', 'Salesman samples in both colourways — Navy lab dip half-shade warm.');
INSERT OR REPLACE INTO samples (id, style_id, supplier_id, round, kind, status, requested_at, received_at, notes) VALUES ('smp_demo_anfa_proto', 'sty_anfa_trouser', 'sup_ma_vita', 1, 'proto', 'approved', '2026-05-15', '2026-06-01', 'Pocket bag twist noted and fixed in tech pack v2.');
INSERT OR REPLACE INTO samples (id, style_id, supplier_id, round, kind, status, requested_at, received_at, notes) VALUES ('smp_demo_anfa_fit', 'sty_anfa_trouser', 'sup_ma_cotexma', 2, 'fit', 'shipped', '2026-06-30', NULL, 'Second-source fit sample — DHL AWB 774-2211 8837, due Monday.');
INSERT OR REPLACE INTO samples (id, style_id, supplier_id, round, kind, status, requested_at, received_at, notes) VALUES ('smp_demo_med_proto', 'sty_medina_overshirt', 'sup_ma_vita', 1, 'proto', 'received', '2026-06-25', '2026-07-10', 'Arrived yesterday. Review booked for Monday''s fit session.');
INSERT OR REPLACE INTO samples (id, style_id, supplier_id, round, kind, status, requested_at, received_at, notes) VALUES ('smp_demo_lei_proto', 'sty_leila_halter', 'sup_ma_flores', 1, 'proto', 'requested', '2026-07-05', NULL, 'Awaiting chambray delivery to Tangier before cutting.');
INSERT OR REPLACE INTO samples (id, style_id, supplier_id, round, kind, status, requested_at, received_at, notes) VALUES ('smp_demo_oua_pp', 'sty_oualidia_set', 'sup_ma_vita', 3, 'pp', 'in_progress', '2026-07-01', NULL, 'PP under way alongside the CMT quote sharpening.');
INSERT OR REPLACE INTO production_orders (id, po_number, supplier_id, status, currency, total_cost_cents, issue_date, ex_factory_date, received_date, incoterms, notes) VALUES ('po_demo_002', 'PO-2026-002', 'sup_ma_vita', 'in_production', 'EUR', 1093500, '2026-06-20', '2026-08-22', NULL, 'FOB Tanger Med', 'Tangier Trouser bulk — both colourways. PP approved 2 Jul.');
INSERT OR REPLACE INTO production_orders (id, po_number, supplier_id, status, currency, total_cost_cents, issue_date, ex_factory_date, received_date, incoterms, notes) VALUES ('po_demo_003', 'PO-2026-003', 'sup_coupe_cousu', 'confirmed', 'EUR', 630000, '2026-06-24', '2026-08-29', NULL, 'FOB Casablanca', 'Corniche Polo first run. Navy lab dip resubmission due before cut.');
INSERT OR REPLACE INTO production_orders (id, po_number, supplier_id, status, currency, total_cost_cents, issue_date, ex_factory_date, received_date, incoterms, notes) VALUES ('po_demo_004', 'PO-2026-004', 'sup_ma_ateliermarrakech', 'sent', 'EUR', 425000, '2026-07-08', '2026-09-12', NULL, 'EXW Marrakech', 'Saadia Maxi pilot — contingent on fit round 3 approval.');
INSERT OR REPLACE INTO production_orders (id, po_number, supplier_id, status, currency, total_cost_cents, issue_date, ex_factory_date, received_date, incoterms, notes) VALUES ('po_demo_005', 'PO-2026-005', 'sup_ma_vita', 'received', 'EUR', 258000, '2026-04-14', '2026-06-05', '2026-06-11', 'FOB Tanger Med', 'Anfa Trouser pilot run of 120 — reconciled, 2 seconds.');
INSERT OR REPLACE INTO production_orders (id, po_number, supplier_id, status, currency, total_cost_cents, issue_date, ex_factory_date, received_date, incoterms, notes) VALUES ('po_demo_006', 'PO-2026-006', 'sup_hitex', 'draft', 'EUR', 312000, NULL, '2026-10-15', NULL, 'FOB Casablanca', 'Essaouira Coverup cruise run — drafted from the approved sample automation.');
INSERT OR REPLACE INTO production_order_items (id, production_order_id, style_id, description, quantity, unit_cost_cents, currency, size_breakdown) VALUES ('poi_demo_002a', 'po_demo_002', 'sty_tangier_trouser', 'Tangier Trouser — Sand', 250, 2430, 'EUR', '{"30":60,"32":110,"34":80}');
INSERT OR REPLACE INTO production_order_items (id, production_order_id, style_id, description, quantity, unit_cost_cents, currency, size_breakdown) VALUES ('poi_demo_002b', 'po_demo_002', 'sty_tangier_trouser', 'Tangier Trouser — Deep Navy', 200, 2430, 'EUR', '{"30":50,"32":90,"34":60}');
INSERT OR REPLACE INTO production_order_items (id, production_order_id, style_id, description, quantity, unit_cost_cents, currency, size_breakdown) VALUES ('poi_demo_003a', 'po_demo_003', 'sty_corniche_polo', 'Corniche Polo — Cream', 350, 1800, 'EUR', '{"S":90,"M":160,"L":100}');
INSERT OR REPLACE INTO production_order_items (id, production_order_id, style_id, description, quantity, unit_cost_cents, currency, size_breakdown) VALUES ('poi_demo_004a', 'po_demo_004', 'sty_saadia_dress', 'Saadia Maxi — Terracotta pilot', 170, 2500, 'EUR', '{"S":70,"M":100}');
INSERT OR REPLACE INTO production_order_items (id, production_order_id, style_id, description, quantity, unit_cost_cents, currency, size_breakdown) VALUES ('poi_demo_005a', 'po_demo_005', 'sty_anfa_trouser', 'Anfa Trouser — Bark pilot', 120, 2150, 'EUR', '{"32":120}');
INSERT OR REPLACE INTO production_order_items (id, production_order_id, style_id, description, quantity, unit_cost_cents, currency, size_breakdown) VALUES ('poi_demo_006a', 'po_demo_006', 'sty_essaouira_crochet', 'Essaouira Coverup — Cream', 400, 780, 'EUR', '{"OS":400}');
INSERT OR REPLACE INTO production_tasks (id, title, stage_id, status, owner, style_id, supplier_id, production_order_id, due_date, completed_at, risk_flag, notes) VALUES ('task_demo_01', 'Approve Saadia fit round 3', 'stage_sample_review', 'in_progress', 'Amina', 'sty_saadia_dress', 'sup_ma_ateliermarrakech', NULL, '2026-07-18', NULL, 1, 'PO-2026-004 is gated on this — atelier holding capacity until the 20th.');
INSERT OR REPLACE INTO production_tasks (id, title, stage_id, status, owner, style_id, supplier_id, production_order_id, due_date, completed_at, risk_flag, notes) VALUES ('task_demo_02', 'Navy terry lab dip re-approval', 'stage_fabric_sourcing', 'in_progress', 'Amina', 'sty_corniche_polo', 'sup_coupe_cousu', 'po_demo_003', '2026-07-15', NULL, 1, 'Half-shade warm. Cut date slips if not closed this week.');
INSERT OR REPLACE INTO production_tasks (id, title, stage_id, status, owner, style_id, supplier_id, production_order_id, due_date, completed_at, risk_flag, notes) VALUES ('task_demo_03', 'Chase PO-2026-002 ex-factory', 'stage_bulk_production', 'todo', 'Yousef', 'sty_tangier_trouser', 'sup_ma_vita', 'po_demo_002', '2026-08-22', NULL, 0, 'Filed automatically when the order was confirmed.');
INSERT OR REPLACE INTO production_tasks (id, title, stage_id, status, owner, style_id, supplier_id, production_order_id, due_date, completed_at, risk_flag, notes) VALUES ('task_demo_04', 'Inline QC visit — Tangier bulk', 'stage_qc', 'todo', 'Yousef', 'sty_tangier_trouser', 'sup_ma_vita', 'po_demo_002', '2026-08-05', NULL, 0, 'Book the Tanger Med trip alongside the Vita PP review.');
INSERT OR REPLACE INTO production_tasks (id, title, stage_id, status, owner, style_id, supplier_id, production_order_id, due_date, completed_at, risk_flag, notes) VALUES ('task_demo_05', 'Gauge swatch from crochet cooperative', 'stage_sampling', 'todo', 'Claire', 'sty_essaouira_crochet', 'sup_hitex', NULL, '2026-07-25', NULL, 0, 'Blocks the stitch diagrams in the cruise tech pack.');
INSERT OR REPLACE INTO production_tasks (id, title, stage_id, status, owner, style_id, supplier_id, production_order_id, due_date, completed_at, risk_flag, notes) VALUES ('task_demo_06', 'Medina proto review — Monday fit session', 'stage_sample_review', 'todo', 'Amina', 'sty_medina_overshirt', 'sup_ma_vita', NULL, '2026-07-14', NULL, 0, NULL);
INSERT OR REPLACE INTO production_tasks (id, title, stage_id, status, owner, style_id, supplier_id, production_order_id, due_date, completed_at, risk_flag, notes) VALUES ('task_demo_07', 'Reserve October crochet capacity', 'stage_factory_briefings', 'in_progress', 'Claire', 'sty_essaouira_crochet', 'sup_hitex', 'po_demo_006', '2026-07-20', NULL, 0, '400 units for cruise; cooperative confirms after Eid.');
INSERT OR REPLACE INTO production_tasks (id, title, stage_id, status, owner, style_id, supplier_id, production_order_id, due_date, completed_at, risk_flag, notes) VALUES ('task_demo_08', 'Oualidia CMT quote decision', 'stage_factory_briefings', 'todo', 'Yousef', 'sty_oualidia_set', 'sup_ma_vita', NULL, '2026-07-16', NULL, 0, '61 vs 54 MAD/set — decide run size with the cash-flow view open.');
INSERT OR REPLACE INTO production_tasks (id, title, stage_id, status, owner, style_id, supplier_id, production_order_id, due_date, completed_at, risk_flag, notes) VALUES ('task_demo_09', 'Ship SMS set to Paris showroom', 'stage_launch', 'todo', 'Claire', 'sty_corniche_polo', NULL, NULL, '2026-07-22', NULL, 0, 'Both colourways plus the Tangier PP pair.');
INSERT OR REPLACE INTO production_tasks (id, title, stage_id, status, owner, style_id, supplier_id, production_order_id, due_date, completed_at, risk_flag, notes) VALUES ('task_demo_10', 'Reconcile PO-2026-005 delivery', 'stage_qc', 'done', 'Yousef', 'sty_anfa_trouser', 'sup_ma_vita', 'po_demo_005', '2026-06-13', '2026-06-12 17:20:00', 0, '118 firsts, 2 seconds — stock updated.');
INSERT OR REPLACE INTO production_tasks (id, title, stage_id, status, owner, style_id, supplier_id, production_order_id, due_date, completed_at, risk_flag, notes) VALUES ('task_demo_11', 'Update Anfa tech pack to v2', 'stage_tech_packs', 'done', 'Amina', 'sty_anfa_trouser', NULL, NULL, '2026-06-08', '2026-06-06 11:02:00', 0, 'Pocket-bag twist fix from proto.');
INSERT OR REPLACE INTO production_tasks (id, title, stage_id, status, owner, style_id, supplier_id, production_order_id, due_date, completed_at, risk_flag, notes) VALUES ('task_demo_12', 'Leila chambray delivery to Tangier', 'stage_fabric_sourcing', 'in_progress', 'Yousef', 'sty_leila_halter', 'sup_ma_flores', NULL, '2026-07-17', NULL, 0, '90m reserved; agent invoicing this week.');
INSERT OR REPLACE INTO production_tasks (id, title, stage_id, status, owner, style_id, supplier_id, production_order_id, due_date, completed_at, risk_flag, notes) VALUES ('task_demo_13', 'SS27 lookbook shot list', 'stage_launch', 'todo', 'Claire', NULL, NULL, NULL, '2026-08-01', NULL, 0, 'Essaouira location scout — golden hour on the ramparts.');
INSERT OR REPLACE INTO production_calendar_events (id, title, kind, stage_id, starts_on, ends_on, style_id, supplier_id, notes) VALUES ('cal_demo_01', 'Tangier bulk window', 'window', 'stage_bulk_production', '2026-07-14', '2026-08-22', 'sty_tangier_trouser', 'sup_ma_vita', NULL);
INSERT OR REPLACE INTO production_calendar_events (id, title, kind, stage_id, starts_on, ends_on, style_id, supplier_id, notes) VALUES ('cal_demo_02', 'Paris showroom week', 'milestone', 'stage_launch', '2026-09-02', '2026-09-06', NULL, NULL, 'SMS sets must land by 28 Aug.');
INSERT OR REPLACE INTO production_calendar_events (id, title, kind, stage_id, starts_on, ends_on, style_id, supplier_id, notes) VALUES ('cal_demo_03', 'Cruise 27 line freeze', 'deadline', 'stage_tech_packs', '2026-08-15', NULL, NULL, NULL, NULL);
INSERT OR REPLACE INTO clients (id, name, email, phone, style_notes, status) VALUES ('cli_demo_amira', 'Amira El Fassi', 'amira.elfassi@example.com', '+212 661-234567', 'Prefers high closed necklines, no visible zips. Warm palette — terracotta, saffron.', 'active');
INSERT OR REPLACE INTO clients (id, name, email, phone, style_notes, status) VALUES ('cli_demo_claire', 'Claire Fontaine', 'claire.fontaine@example.com', '+33 6 12 34 56 78', 'Paris gallery director. Sharp tailoring, always trousers, 90s YSL references.', 'active');
INSERT OR REPLACE INTO clients (id, name, email, phone, style_notes, status) VALUES ('cli_demo_sofia', 'Sofia Marchetti', 'sofia.marchetti@example.com', '+39 340 123 4567', 'Bias-cut everything. Bringing her mother''s vintage silk for the anniversary dress.', 'active');
INSERT OR REPLACE INTO clients (id, name, email, phone, style_notes, status) VALUES ('cli_demo_nadia', 'Nadia Benjelloun', 'nadia.b@example.com', '+212 662-998877', 'Wedding season regular — three events this autumn. Loves the Saadia silhouette.', 'active');
INSERT OR REPLACE INTO clients (id, name, email, phone, style_notes, status) VALUES ('cli_demo_ines', 'Inès Laurent', 'ines.laurent@example.com', '+33 7 88 99 00 11', 'First commission. Found us through the Corniche Polo. Wants a linen suit for Arles.', 'active');
INSERT OR REPLACE INTO clients (id, name, email, phone, style_notes, status) VALUES ('cli_demo_yasmine', 'Yasmine Tazi', 'yasmine.tazi@example.com', '+212 663-445566', 'Petite grading — everything shortened 4cm from the block. Keeps a standing quarterly order.', 'active');
INSERT OR REPLACE INTO clients (id, name, email, phone, style_notes, status) VALUES ('cli_demo_marcus', 'Marcus Webb', 'marcus.webb@example.com', '+44 7700 900123', 'London architect. Two Medina overshirts a year, always Chalk, always M-long.', 'active');
INSERT OR REPLACE INTO clients (id, name, email, phone, style_notes, status) VALUES ('cli_demo_leonor', 'Leonor Duarte', 'leonor.duarte@example.com', '+351 912 345 678', 'Archived after relocation — kept measurements on file at her request.', 'archived');
INSERT OR REPLACE INTO client_measurements (id, client_id, taken_at, measurements_json, note) VALUES ('cm_demo_amira', 'cli_demo_amira', '2026-05-20 10:00:00', '{"chestCm":92,"waistCm":74,"hipsCm":101,"heightCm":168,"shoulderToShoulderCm":39,"shoulderToWristCm":56,"inseamCm":76,"seatCm":103}', 'Taken at spring consult — allow for the September fitting.');
INSERT OR REPLACE INTO client_measurements (id, client_id, taken_at, measurements_json, note) VALUES ('cm_demo_claire', 'cli_demo_claire', '2026-06-11 14:30:00', '{"chestCm":88,"waistCm":70,"hipsCm":96,"heightCm":175,"shoulderToShoulderCm":41,"shoulderToWristCm":59,"inseamCm":82,"waistToFloorCm":108}', 'Trouser block confirmed against the Tangier 32.');
INSERT OR REPLACE INTO client_measurements (id, client_id, taken_at, measurements_json, note) VALUES ('cm_demo_sofia', 'cli_demo_sofia', '2026-06-28 11:15:00', '{"chestCm":95,"waistCm":78,"hipsCm":104,"heightCm":163,"shoulderToShoulderCm":38,"neckCm":34}', 'Bias work — took the full set standing and seated.');
INSERT OR REPLACE INTO client_measurements (id, client_id, taken_at, measurements_json, note) VALUES ('cm_demo_yasmine', 'cli_demo_yasmine', '2026-04-02 09:45:00', '{"chestCm":84,"waistCm":66,"hipsCm":92,"heightCm":155,"shoulderToShoulderCm":36,"shoulderToWristCm":52,"inseamCm":68}', 'Petite block -4cm confirmed. Re-measure in October.');
INSERT OR REPLACE INTO client_measurements (id, client_id, taken_at, measurements_json, note) VALUES ('cm_demo_marcus', 'cli_demo_marcus', '2026-03-15 16:00:00', '{"chestCm":104,"waistCm":88,"heightCm":186,"shoulderToShoulderCm":47,"shoulderToWristCm":64,"neckCm":41,"bicepsCm":33}', 'M-long torso confirmed — +3cm body length on the overshirt block.');
INSERT OR REPLACE INTO commissions (id, client_id, title, kind, stage, style_id, brief_md, due_at, price_cents, client_approved_at) VALUES ('com_demo_gala', 'cli_demo_amira', 'Saffron gala kaftan', 'commission', 'fitting', 'sty_saadia_dress', 'Floor-length kaftan off the Saadia block. Saffron crepe, closed neckline, hand-finished sfifa braid at cuffs.

Event: Fondation gala, **26 Sep**.', '2026-09-18', 340000, '2026-06-02 12:00:00');
INSERT OR REPLACE INTO commissions (id, client_id, title, kind, stage, style_id, brief_md, due_at, price_cents, client_approved_at) VALUES ('com_demo_suit', 'cli_demo_claire', 'Ivory linen trouser suit', 'commission', 'cutting', 'sty_tangier_trouser', 'Two-piece in the Libeco linen — Tangier trouser base with a strong-shoulder jacket. No lining below the yoke.', '2026-08-30', 420000, '2026-06-20 10:00:00');
INSERT OR REPLACE INTO commissions (id, client_id, title, kind, stage, style_id, brief_md, due_at, price_cents, client_approved_at) VALUES ('com_demo_anniv', 'cli_demo_sofia', 'Anniversary bias dress (heirloom silk)', 'commission', 'design', NULL, 'Rebuild of her mother''s 1968 dress in the client''s own silk — 4.2m available, zero remnant tolerance. Toile first in matched-weight crepe.', '2026-10-10', 280000, NULL);
INSERT OR REPLACE INTO commissions (id, client_id, title, kind, stage, style_id, brief_md, due_at, price_cents, client_approved_at) VALUES ('com_demo_wedding', 'cli_demo_nadia', 'Wedding-guest set — October', 'commission', 'fabric', 'sty_oualidia_set', 'Oualidia set in dusty rose with a longer midi skirt and matching stole. Second of three autumn events.', '2026-10-02', 190000, '2026-07-05 17:30:00');
INSERT OR REPLACE INTO commissions (id, client_id, title, kind, stage, style_id, brief_md, due_at, price_cents, client_approved_at) VALUES ('com_demo_arles', 'cli_demo_ines', 'Arles linen suit', 'commission', 'consult', NULL, 'First consult booked — relaxed linen suit for the July festival next year. Photographs of references received.', '2027-06-15', NULL, NULL);
INSERT OR REPLACE INTO commissions (id, client_id, title, kind, stage, style_id, brief_md, due_at, price_cents, client_approved_at) VALUES ('com_demo_hem', 'cli_demo_yasmine', 'Anfa trouser re-hem + waist', 'alteration', 'delivery', 'sty_anfa_trouser', 'Standing quarterly alteration — take the new pair to her block: -4cm hem, -1cm waist.', '2026-07-15', 9500, '2026-07-01 09:00:00');
INSERT OR REPLACE INTO commission_payments (id, commission_id, label, amount_cents, status, paid_at, note) VALUES ('cpay_demo_01', 'com_demo_gala', 'Deposit (50%)', 170000, 'paid', '2026-06-03 09:21:00', NULL);
INSERT OR REPLACE INTO commission_payments (id, commission_id, label, amount_cents, status, paid_at, note) VALUES ('cpay_demo_02', 'com_demo_suit', 'Deposit (50%)', 210000, 'paid', '2026-06-21 14:02:00', NULL);
INSERT OR REPLACE INTO commission_payments (id, commission_id, label, amount_cents, status, paid_at, note) VALUES ('cpay_demo_03', 'com_demo_suit', 'Balance', 210000, 'requested', NULL, 'Requested at cutting — due before final fitting.');
INSERT OR REPLACE INTO commission_payments (id, commission_id, label, amount_cents, status, paid_at, note) VALUES ('cpay_demo_04', 'com_demo_wedding', 'Deposit (50%)', 95000, 'paid', '2026-07-06 11:47:00', NULL);
INSERT OR REPLACE INTO commission_payments (id, commission_id, label, amount_cents, status, paid_at, note) VALUES ('cpay_demo_05', 'com_demo_hem', 'Alteration fee', 9500, 'requested', NULL, NULL);
INSERT OR REPLACE INTO client_events (id, client_id, kind, subject, body_md, event_at, commission_id) VALUES ('cev_demo_01', 'cli_demo_amira', 'fitting', 'First fitting — kaftan toile', 'Toile fits through the shoulder; neckline sits exactly as briefed. Sleeve length +1cm. Second fitting 4 Sep.', '2026-07-08 15:00:00', 'com_demo_gala');
INSERT OR REPLACE INTO client_events (id, client_id, kind, subject, body_md, event_at, commission_id) VALUES ('cev_demo_02', 'cli_demo_claire', 'consult', 'Jacket shoulder direction', 'Compared three shoulder references — settled on the soft-roped look. Cutting starts once canvas arrives.', '2026-07-03 11:00:00', 'com_demo_suit');
INSERT OR REPLACE INTO client_events (id, client_id, kind, subject, body_md, event_at, commission_id) VALUES ('cev_demo_03', 'cli_demo_sofia', 'note', 'Heirloom silk received', '4.2m received and photographed. Two small water marks noted at the selvage — cutting plan will avoid.', '2026-07-09 10:30:00', 'com_demo_anniv');
INSERT OR REPLACE INTO client_events (id, client_id, kind, subject, body_md, event_at, commission_id) VALUES ('cev_demo_04', 'cli_demo_ines', 'consult', 'First consult', 'Showed the Libeco linen and the Tangier fit. She wants trousers slightly cropped — booking measurements next week.', '2026-07-10 16:30:00', 'com_demo_arles');
INSERT OR REPLACE INTO booking_requests (id, name, email, note, preferred_at, status, client_id, created_at) VALUES ('bkg_demo_01', 'Inès Laurent', 'ines.laurent@example.com', 'Measurement session for the Arles suit', '2026-07-17 15:00:00', 'new', 'cli_demo_ines', '2026-07-10 18:20:00');
INSERT OR REPLACE INTO booking_requests (id, name, email, note, preferred_at, status, client_id, created_at) VALUES ('bkg_demo_02', 'Amira El Fassi', 'amira.elfassi@example.com', 'Second kaftan fitting', '2026-09-04 14:00:00', 'confirmed', 'cli_demo_amira', '2026-07-08 15:30:00');
INSERT OR REPLACE INTO booking_requests (id, name, email, note, preferred_at, status, client_id, created_at) VALUES ('bkg_demo_03', 'New enquiry — Rim A.', 'rim.a@example.com', 'Interested in a made-to-measure Medina overshirt as a gift', '2026-07-21 10:00:00', 'new', NULL, '2026-07-11 08:05:00');
INSERT OR REPLACE INTO booking_requests (id, name, email, note, preferred_at, status, client_id, created_at) VALUES ('bkg_demo_04', 'Marcus Webb', 'marcus.webb@example.com', 'Autumn overshirt pair — usual spec', '2026-07-19 09:30:00', 'confirmed', 'cli_demo_marcus', '2026-07-07 12:00:00');
INSERT OR REPLACE INTO customers (id, email, name, country, marketing_opt_in) VALUES ('cus_demo_01', 'elena.rodriguez@example.com', 'Elena Rodríguez', 'ES', 1);
INSERT OR REPLACE INTO customers (id, email, name, country, marketing_opt_in) VALUES ('cus_demo_02', 'james.okafor@example.com', 'James Okafor', 'GB', 1);
INSERT OR REPLACE INTO customers (id, email, name, country, marketing_opt_in) VALUES ('cus_demo_03', 'haruka.sato@example.com', 'Haruka Sato', 'JP', 0);
INSERT OR REPLACE INTO customers (id, email, name, country, marketing_opt_in) VALUES ('cus_demo_04', 'marie.dubois@example.com', 'Marie Dubois', 'FR', 1);
INSERT OR REPLACE INTO customers (id, email, name, country, marketing_opt_in) VALUES ('cus_demo_05', 'david.chen@example.com', 'David Chen', 'US', 1);
INSERT OR REPLACE INTO customers (id, email, name, country, marketing_opt_in) VALUES ('cus_demo_06', 'fatima.alaoui@example.com', 'Fatima Alaoui', 'MA', 1);
INSERT OR REPLACE INTO customers (id, email, name, country, marketing_opt_in) VALUES ('cus_demo_07', 'lucas.meyer@example.com', 'Lucas Meyer', 'DE', 0);
INSERT OR REPLACE INTO customers (id, email, name, country, marketing_opt_in) VALUES ('cus_demo_08', 'sarah.goldberg@example.com', 'Sarah Goldberg', 'US', 1);
INSERT OR REPLACE INTO customers (id, email, name, country, marketing_opt_in) VALUES ('cus_demo_09', 'pieter.vandenberg@example.com', 'Pieter van den Berg', 'NL', 1);
INSERT OR REPLACE INTO customers (id, email, name, country, marketing_opt_in) VALUES ('cus_demo_10', 'chiara.russo@example.com', 'Chiara Russo', 'IT', 0);
INSERT OR REPLACE INTO customers (id, email, name, country, marketing_opt_in) VALUES ('cus_demo_11', 'emma.lindqvist@example.com', 'Emma Lindqvist', 'SE', 1);
INSERT OR REPLACE INTO customers (id, email, name, country, marketing_opt_in) VALUES ('cus_demo_12', 'omar.benali@example.com', 'Omar Benali', 'MA', 0);
INSERT OR REPLACE INTO orders (id, order_number, customer_id, email, currency, subtotal_cents, tax_cents, shipping_cents, discount_cents, total_cents, payment_status, fulfillment_status, shipping_country, promotion_code, placed_at, created_at, updated_at) VALUES ('ord_demo_1001', 'MA-1001', 'cus_demo_01', 'elena.rodriguez@example.com', 'USD', 23000, 0, 1800, 0, 24800, 'paid', 'delivered', 'ES', NULL, '2026-05-19 10:14:00', '2026-05-19 10:14:00', '2026-05-19 10:14:00');
INSERT OR REPLACE INTO order_items (id, order_id, product_id, variant_id, description, quantity, unit_price_cents, currency) VALUES ('oit_demo_1001_0', 'ord_demo_1001', 'prod_saadia_dress', 'var_saa_ter_m', 'saa ter m', 1, 14500, 'USD');
INSERT OR REPLACE INTO order_items (id, order_id, product_id, variant_id, description, quantity, unit_price_cents, currency) VALUES ('oit_demo_1001_1', 'ord_demo_1001', 'prod_leila_halter', 'var_lei_ind_m', 'lei ind m', 1, 8500, 'USD');
INSERT OR REPLACE INTO payments (id, order_id, amount_cents, currency, status, method_summary, created_at) VALUES ('pay_demo_1001', 'ord_demo_1001', 24800, 'USD', 'succeeded', 'card •••• 4242', '2026-05-19 10:14:00');
INSERT OR REPLACE INTO orders (id, order_number, customer_id, email, currency, subtotal_cents, tax_cents, shipping_cents, discount_cents, total_cents, payment_status, fulfillment_status, shipping_country, promotion_code, placed_at, created_at, updated_at) VALUES ('ord_demo_1002', 'MA-1002', 'cus_demo_05', 'david.chen@example.com', 'USD', 19500, 1560, 2200, 0, 23260, 'paid', 'delivered', 'US', NULL, '2026-05-24 18:40:00', '2026-05-24 18:40:00', '2026-05-24 18:40:00');
INSERT OR REPLACE INTO order_items (id, order_id, product_id, variant_id, description, quantity, unit_price_cents, currency) VALUES ('oit_demo_1002_0', 'ord_demo_1002', 'prod_tangier_trouser', 'var_tng_nvy_32', 'tng nvy 32', 1, 19500, 'USD');
INSERT OR REPLACE INTO payments (id, order_id, amount_cents, currency, status, method_summary, created_at) VALUES ('pay_demo_1002', 'ord_demo_1002', 23260, 'USD', 'succeeded', 'card •••• 4242', '2026-05-24 18:40:00');
INSERT OR REPLACE INTO orders (id, order_number, customer_id, email, currency, subtotal_cents, tax_cents, shipping_cents, discount_cents, total_cents, payment_status, fulfillment_status, shipping_country, promotion_code, placed_at, created_at, updated_at) VALUES ('ord_demo_1003', 'MA-1003', 'cus_demo_02', 'james.okafor@example.com', 'USD', 25000, 0, 1500, 0, 26500, 'paid', 'delivered', 'GB', NULL, '2026-05-28 09:03:00', '2026-05-28 09:03:00', '2026-05-28 09:03:00');
INSERT OR REPLACE INTO order_items (id, order_id, product_id, variant_id, description, quantity, unit_price_cents, currency) VALUES ('oit_demo_1003_0', 'ord_demo_1003', 'prod_corniche_polo', 'var_cor_crm_m', 'cor crm m', 2, 12500, 'USD');
INSERT OR REPLACE INTO payments (id, order_id, amount_cents, currency, status, method_summary, created_at) VALUES ('pay_demo_1003', 'ord_demo_1003', 26500, 'USD', 'succeeded', 'card •••• 4242', '2026-05-28 09:03:00');
INSERT OR REPLACE INTO orders (id, order_number, customer_id, email, currency, subtotal_cents, tax_cents, shipping_cents, discount_cents, total_cents, payment_status, fulfillment_status, shipping_country, promotion_code, placed_at, created_at, updated_at) VALUES ('ord_demo_1004', 'MA-1004', 'cus_demo_04', 'marie.dubois@example.com', 'USD', 16500, 0, 1200, 0, 17700, 'paid', 'delivered', 'FR', NULL, '2026-06-02 14:22:00', '2026-06-02 14:22:00', '2026-06-02 14:22:00');
INSERT OR REPLACE INTO order_items (id, order_id, product_id, variant_id, description, quantity, unit_price_cents, currency) VALUES ('oit_demo_1004_0', 'ord_demo_1004', 'prod_oualidia_set', 'var_oua_ros_m', 'oua ros m', 1, 16500, 'USD');
INSERT OR REPLACE INTO payments (id, order_id, amount_cents, currency, status, method_summary, created_at) VALUES ('pay_demo_1004', 'ord_demo_1004', 17700, 'USD', 'succeeded', 'card •••• 4242', '2026-06-02 14:22:00');
INSERT OR REPLACE INTO orders (id, order_number, customer_id, email, currency, subtotal_cents, tax_cents, shipping_cents, discount_cents, total_cents, payment_status, fulfillment_status, shipping_country, promotion_code, placed_at, created_at, updated_at) VALUES ('ord_demo_1005', 'MA-1005', 'cus_demo_08', 'sarah.goldberg@example.com', 'USD', 29500, 2360, 2200, 2950, 31110, 'paid', 'delivered', 'US', 'SUMMER10', '2026-06-05 21:10:00', '2026-06-05 21:10:00', '2026-06-05 21:10:00');
INSERT OR REPLACE INTO order_items (id, order_id, product_id, variant_id, description, quantity, unit_price_cents, currency) VALUES ('oit_demo_1005_0', 'ord_demo_1005', 'prod_saadia_dress', 'var_saa_ter_s', 'saa ter s', 1, 14500, 'USD');
INSERT OR REPLACE INTO order_items (id, order_id, product_id, variant_id, description, quantity, unit_price_cents, currency) VALUES ('oit_demo_1005_1', 'ord_demo_1005', 'prod_essaouira_crochet', 'var_ess_crm_os', 'ess crm os', 1, 15000, 'USD');
INSERT OR REPLACE INTO payments (id, order_id, amount_cents, currency, status, method_summary, created_at) VALUES ('pay_demo_1005', 'ord_demo_1005', 31110, 'USD', 'succeeded', 'card •••• 4242', '2026-06-05 21:10:00');
INSERT OR REPLACE INTO orders (id, order_number, customer_id, email, currency, subtotal_cents, tax_cents, shipping_cents, discount_cents, total_cents, payment_status, fulfillment_status, shipping_country, promotion_code, placed_at, created_at, updated_at) VALUES ('ord_demo_1006', 'MA-1006', 'cus_demo_06', 'fatima.alaoui@example.com', 'USD', 16500, 0, 0, 0, 16500, 'paid', 'delivered', 'MA', NULL, '2026-06-09 11:31:00', '2026-06-09 11:31:00', '2026-06-09 11:31:00');
INSERT OR REPLACE INTO order_items (id, order_id, product_id, variant_id, description, quantity, unit_price_cents, currency) VALUES ('oit_demo_1006_0', 'ord_demo_1006', 'prod_medina_overshirt', 'var_med_chk_m', 'med chk m', 1, 16500, 'USD');
INSERT OR REPLACE INTO payments (id, order_id, amount_cents, currency, status, method_summary, created_at) VALUES ('pay_demo_1006', 'ord_demo_1006', 16500, 'USD', 'succeeded', 'card •••• 4242', '2026-06-09 11:31:00');
INSERT OR REPLACE INTO orders (id, order_number, customer_id, email, currency, subtotal_cents, tax_cents, shipping_cents, discount_cents, total_cents, payment_status, fulfillment_status, shipping_country, promotion_code, placed_at, created_at, updated_at) VALUES ('ord_demo_1007', 'MA-1007', 'cus_demo_03', 'haruka.sato@example.com', 'USD', 32000, 0, 2600, 0, 34600, 'paid', 'shipped', 'JP', NULL, '2026-06-12 07:55:00', '2026-06-12 07:55:00', '2026-06-12 07:55:00');
INSERT OR REPLACE INTO order_items (id, order_id, product_id, variant_id, description, quantity, unit_price_cents, currency) VALUES ('oit_demo_1007_0', 'ord_demo_1007', 'prod_tangier_trouser', 'var_tng_snd_32', 'tng snd 32', 1, 19500, 'USD');
INSERT OR REPLACE INTO order_items (id, order_id, product_id, variant_id, description, quantity, unit_price_cents, currency) VALUES ('oit_demo_1007_1', 'ord_demo_1007', 'prod_corniche_polo', 'var_cor_crm_m', 'cor crm m', 1, 12500, 'USD');
INSERT OR REPLACE INTO payments (id, order_id, amount_cents, currency, status, method_summary, created_at) VALUES ('pay_demo_1007', 'ord_demo_1007', 34600, 'USD', 'succeeded', 'card •••• 4242', '2026-06-12 07:55:00');
INSERT OR REPLACE INTO orders (id, order_number, customer_id, email, currency, subtotal_cents, tax_cents, shipping_cents, discount_cents, total_cents, payment_status, fulfillment_status, shipping_country, promotion_code, placed_at, created_at, updated_at) VALUES ('ord_demo_1008', 'MA-1008', 'cus_demo_09', 'pieter.vandenberg@example.com', 'USD', 23500, 0, 1500, 0, 25000, 'paid', 'delivered', 'NL', NULL, '2026-06-15 16:47:00', '2026-06-15 16:47:00', '2026-06-15 16:47:00');
INSERT OR REPLACE INTO order_items (id, order_id, product_id, variant_id, description, quantity, unit_price_cents, currency) VALUES ('oit_demo_1008_0', 'ord_demo_1008', 'prod_anfa_trouser', 'var_anf_brk_32', 'anf brk 32', 1, 23500, 'USD');
INSERT OR REPLACE INTO payments (id, order_id, amount_cents, currency, status, method_summary, created_at) VALUES ('pay_demo_1008', 'ord_demo_1008', 25000, 'USD', 'succeeded', 'card •••• 4242', '2026-06-15 16:47:00');
INSERT OR REPLACE INTO orders (id, order_number, customer_id, email, currency, subtotal_cents, tax_cents, shipping_cents, discount_cents, total_cents, payment_status, fulfillment_status, shipping_country, promotion_code, placed_at, created_at, updated_at) VALUES ('ord_demo_1009', 'MA-1009', 'cus_demo_10', 'chiara.russo@example.com', 'USD', 17000, 0, 1500, 0, 18500, 'paid', 'delivered', 'IT', NULL, '2026-06-19 12:18:00', '2026-06-19 12:18:00', '2026-06-19 12:18:00');
INSERT OR REPLACE INTO order_items (id, order_id, product_id, variant_id, description, quantity, unit_price_cents, currency) VALUES ('oit_demo_1009_0', 'ord_demo_1009', 'prod_leila_halter', 'var_lei_ind_s', 'lei ind s', 2, 8500, 'USD');
INSERT OR REPLACE INTO payments (id, order_id, amount_cents, currency, status, method_summary, created_at) VALUES ('pay_demo_1009', 'ord_demo_1009', 18500, 'USD', 'succeeded', 'card •••• 4242', '2026-06-19 12:18:00');
INSERT OR REPLACE INTO orders (id, order_number, customer_id, email, currency, subtotal_cents, tax_cents, shipping_cents, discount_cents, total_cents, payment_status, fulfillment_status, shipping_country, promotion_code, placed_at, created_at, updated_at) VALUES ('ord_demo_1010', 'MA-1010', 'cus_demo_07', 'lucas.meyer@example.com', 'USD', 36000, 0, 1800, 0, 37800, 'paid', 'shipped', 'DE', NULL, '2026-06-22 19:02:00', '2026-06-22 19:02:00', '2026-06-22 19:02:00');
INSERT OR REPLACE INTO order_items (id, order_id, product_id, variant_id, description, quantity, unit_price_cents, currency) VALUES ('oit_demo_1010_0', 'ord_demo_1010', 'prod_medina_overshirt', 'var_med_chk_l', 'med chk l', 1, 16500, 'USD');
INSERT OR REPLACE INTO order_items (id, order_id, product_id, variant_id, description, quantity, unit_price_cents, currency) VALUES ('oit_demo_1010_1', 'ord_demo_1010', 'prod_tangier_trouser', 'var_tng_nvy_34', 'tng nvy 34', 1, 19500, 'USD');
INSERT OR REPLACE INTO payments (id, order_id, amount_cents, currency, status, method_summary, created_at) VALUES ('pay_demo_1010', 'ord_demo_1010', 37800, 'USD', 'succeeded', 'card •••• 4242', '2026-06-22 19:02:00');
INSERT OR REPLACE INTO orders (id, order_number, customer_id, email, currency, subtotal_cents, tax_cents, shipping_cents, discount_cents, total_cents, payment_status, fulfillment_status, shipping_country, promotion_code, placed_at, created_at, updated_at) VALUES ('ord_demo_1011', 'MA-1011', 'cus_demo_11', 'emma.lindqvist@example.com', 'USD', 15000, 0, 1500, 0, 16500, 'paid', 'shipped', 'SE', NULL, '2026-06-26 08:44:00', '2026-06-26 08:44:00', '2026-06-26 08:44:00');
INSERT OR REPLACE INTO order_items (id, order_id, product_id, variant_id, description, quantity, unit_price_cents, currency) VALUES ('oit_demo_1011_0', 'ord_demo_1011', 'prod_essaouira_crochet', 'var_ess_crm_os', 'ess crm os', 1, 15000, 'USD');
INSERT OR REPLACE INTO payments (id, order_id, amount_cents, currency, status, method_summary, created_at) VALUES ('pay_demo_1011', 'ord_demo_1011', 16500, 'USD', 'succeeded', 'card •••• 4242', '2026-06-26 08:44:00');
INSERT OR REPLACE INTO orders (id, order_number, customer_id, email, currency, subtotal_cents, tax_cents, shipping_cents, discount_cents, total_cents, payment_status, fulfillment_status, shipping_country, promotion_code, placed_at, created_at, updated_at) VALUES ('ord_demo_1012', 'MA-1012', 'cus_demo_05', 'david.chen@example.com', 'USD', 32000, 2560, 2200, 0, 36760, 'paid', 'processing', 'US', NULL, '2026-06-28 22:05:00', '2026-06-28 22:05:00', '2026-06-28 22:05:00');
INSERT OR REPLACE INTO order_items (id, order_id, product_id, variant_id, description, quantity, unit_price_cents, currency) VALUES ('oit_demo_1012_0', 'ord_demo_1012', 'prod_corniche_polo', 'var_cor_crm_l', 'cor crm l', 1, 12500, 'USD');
INSERT OR REPLACE INTO order_items (id, order_id, product_id, variant_id, description, quantity, unit_price_cents, currency) VALUES ('oit_demo_1012_1', 'ord_demo_1012', 'prod_tangier_trouser', 'var_tng_snd_32', 'tng snd 32', 1, 19500, 'USD');
INSERT OR REPLACE INTO payments (id, order_id, amount_cents, currency, status, method_summary, created_at) VALUES ('pay_demo_1012', 'ord_demo_1012', 36760, 'USD', 'succeeded', 'card •••• 4242', '2026-06-28 22:05:00');
INSERT OR REPLACE INTO orders (id, order_number, customer_id, email, currency, subtotal_cents, tax_cents, shipping_cents, discount_cents, total_cents, payment_status, fulfillment_status, shipping_country, promotion_code, placed_at, created_at, updated_at) VALUES ('ord_demo_1013', 'MA-1013', 'cus_demo_01', 'elena.rodriguez@example.com', 'USD', 25000, 0, 1800, 0, 26800, 'paid', 'processing', 'ES', NULL, '2026-07-01 10:52:00', '2026-07-01 10:52:00', '2026-07-01 10:52:00');
INSERT OR REPLACE INTO order_items (id, order_id, product_id, variant_id, description, quantity, unit_price_cents, currency) VALUES ('oit_demo_1013_0', 'ord_demo_1013', 'prod_oualidia_set', 'var_oua_ros_m', 'oua ros m', 1, 16500, 'USD');
INSERT OR REPLACE INTO order_items (id, order_id, product_id, variant_id, description, quantity, unit_price_cents, currency) VALUES ('oit_demo_1013_1', 'ord_demo_1013', 'prod_leila_halter', 'var_lei_ind_m', 'lei ind m', 1, 8500, 'USD');
INSERT OR REPLACE INTO payments (id, order_id, amount_cents, currency, status, method_summary, created_at) VALUES ('pay_demo_1013', 'ord_demo_1013', 26800, 'USD', 'succeeded', 'card •••• 4242', '2026-07-01 10:52:00');
INSERT OR REPLACE INTO orders (id, order_number, customer_id, email, currency, subtotal_cents, tax_cents, shipping_cents, discount_cents, total_cents, payment_status, fulfillment_status, shipping_country, promotion_code, placed_at, created_at, updated_at) VALUES ('ord_demo_1014', 'MA-1014', 'cus_demo_12', 'omar.benali@example.com', 'USD', 12500, 0, 0, 0, 12500, 'paid', 'shipped', 'MA', NULL, '2026-07-03 15:36:00', '2026-07-03 15:36:00', '2026-07-03 15:36:00');
INSERT OR REPLACE INTO order_items (id, order_id, product_id, variant_id, description, quantity, unit_price_cents, currency) VALUES ('oit_demo_1014_0', 'ord_demo_1014', 'prod_corniche_polo', 'var_cor_crm_m', 'cor crm m', 1, 12500, 'USD');
INSERT OR REPLACE INTO payments (id, order_id, amount_cents, currency, status, method_summary, created_at) VALUES ('pay_demo_1014', 'ord_demo_1014', 12500, 'USD', 'succeeded', 'card •••• 4242', '2026-07-03 15:36:00');
INSERT OR REPLACE INTO orders (id, order_number, customer_id, email, currency, subtotal_cents, tax_cents, shipping_cents, discount_cents, total_cents, payment_status, fulfillment_status, shipping_country, promotion_code, placed_at, created_at, updated_at) VALUES ('ord_demo_1015', 'MA-1015', 'cus_demo_04', 'marie.dubois@example.com', 'USD', 29000, 0, 1200, 0, 30200, 'paid', 'processing', 'FR', NULL, '2026-07-05 09:27:00', '2026-07-05 09:27:00', '2026-07-05 09:27:00');
INSERT OR REPLACE INTO order_items (id, order_id, product_id, variant_id, description, quantity, unit_price_cents, currency) VALUES ('oit_demo_1015_0', 'ord_demo_1015', 'prod_saadia_dress', 'var_saa_ter_m', 'saa ter m', 2, 14500, 'USD');
INSERT OR REPLACE INTO payments (id, order_id, amount_cents, currency, status, method_summary, created_at) VALUES ('pay_demo_1015', 'ord_demo_1015', 30200, 'USD', 'succeeded', 'card •••• 4242', '2026-07-05 09:27:00');
INSERT OR REPLACE INTO orders (id, order_number, customer_id, email, currency, subtotal_cents, tax_cents, shipping_cents, discount_cents, total_cents, payment_status, fulfillment_status, shipping_country, promotion_code, placed_at, created_at, updated_at) VALUES ('ord_demo_1016', 'MA-1016', 'cus_demo_08', 'sarah.goldberg@example.com', 'USD', 16500, 1320, 2200, 0, 20020, 'paid', 'processing', 'US', NULL, '2026-07-07 20:19:00', '2026-07-07 20:19:00', '2026-07-07 20:19:00');
INSERT OR REPLACE INTO order_items (id, order_id, product_id, variant_id, description, quantity, unit_price_cents, currency) VALUES ('oit_demo_1016_0', 'ord_demo_1016', 'prod_medina_overshirt', 'var_med_chk_m', 'med chk m', 1, 16500, 'USD');
INSERT OR REPLACE INTO payments (id, order_id, amount_cents, currency, status, method_summary, created_at) VALUES ('pay_demo_1016', 'ord_demo_1016', 20020, 'USD', 'succeeded', 'card •••• 4242', '2026-07-07 20:19:00');
INSERT OR REPLACE INTO orders (id, order_number, customer_id, email, currency, subtotal_cents, tax_cents, shipping_cents, discount_cents, total_cents, payment_status, fulfillment_status, shipping_country, promotion_code, placed_at, created_at, updated_at) VALUES ('ord_demo_1017', 'MA-1017', 'cus_demo_02', 'james.okafor@example.com', 'USD', 32000, 0, 1500, 3200, 30300, 'paid', 'unfulfilled', 'GB', 'SUMMER10', '2026-07-08 13:41:00', '2026-07-08 13:41:00', '2026-07-08 13:41:00');
INSERT OR REPLACE INTO order_items (id, order_id, product_id, variant_id, description, quantity, unit_price_cents, currency) VALUES ('oit_demo_1017_0', 'ord_demo_1017', 'prod_tangier_trouser', 'var_tng_nvy_32', 'tng nvy 32', 1, 19500, 'USD');
INSERT OR REPLACE INTO order_items (id, order_id, product_id, variant_id, description, quantity, unit_price_cents, currency) VALUES ('oit_demo_1017_1', 'ord_demo_1017', 'prod_corniche_polo', 'var_cor_crm_m', 'cor crm m', 1, 12500, 'USD');
INSERT OR REPLACE INTO payments (id, order_id, amount_cents, currency, status, method_summary, created_at) VALUES ('pay_demo_1017', 'ord_demo_1017', 30300, 'USD', 'succeeded', 'card •••• 4242', '2026-07-08 13:41:00');
INSERT OR REPLACE INTO orders (id, order_number, customer_id, email, currency, subtotal_cents, tax_cents, shipping_cents, discount_cents, total_cents, payment_status, fulfillment_status, shipping_country, promotion_code, placed_at, created_at, updated_at) VALUES ('ord_demo_1018', 'MA-1018', 'cus_demo_03', 'haruka.sato@example.com', 'USD', 8500, 0, 2600, 0, 11100, 'paid', 'unfulfilled', 'JP', NULL, '2026-07-09 06:58:00', '2026-07-09 06:58:00', '2026-07-09 06:58:00');
INSERT OR REPLACE INTO order_items (id, order_id, product_id, variant_id, description, quantity, unit_price_cents, currency) VALUES ('oit_demo_1018_0', 'ord_demo_1018', 'prod_leila_halter', 'var_lei_ind_s', 'lei ind s', 1, 8500, 'USD');
INSERT OR REPLACE INTO payments (id, order_id, amount_cents, currency, status, method_summary, created_at) VALUES ('pay_demo_1018', 'ord_demo_1018', 11100, 'USD', 'succeeded', 'card •••• 4242', '2026-07-09 06:58:00');
INSERT OR REPLACE INTO orders (id, order_number, customer_id, email, currency, subtotal_cents, tax_cents, shipping_cents, discount_cents, total_cents, payment_status, fulfillment_status, shipping_country, promotion_code, placed_at, created_at, updated_at) VALUES ('ord_demo_1019', 'MA-1019', 'cus_demo_11', 'emma.lindqvist@example.com', 'USD', 14500, 0, 1500, 0, 16000, 'pending', 'unfulfilled', 'SE', NULL, '2026-07-10 17:23:00', '2026-07-10 17:23:00', '2026-07-10 17:23:00');
INSERT OR REPLACE INTO order_items (id, order_id, product_id, variant_id, description, quantity, unit_price_cents, currency) VALUES ('oit_demo_1019_0', 'ord_demo_1019', 'prod_saadia_dress', 'var_saa_ter_s', 'saa ter s', 1, 14500, 'USD');
INSERT OR REPLACE INTO orders (id, order_number, customer_id, email, currency, subtotal_cents, tax_cents, shipping_cents, discount_cents, total_cents, payment_status, fulfillment_status, shipping_country, promotion_code, placed_at, created_at, updated_at) VALUES ('ord_demo_1020', 'MA-1020', 'cus_demo_09', 'pieter.vandenberg@example.com', 'USD', 31500, 0, 1500, 0, 33000, 'paid', 'unfulfilled', 'NL', NULL, '2026-07-10 21:44:00', '2026-07-10 21:44:00', '2026-07-10 21:44:00');
INSERT OR REPLACE INTO order_items (id, order_id, product_id, variant_id, description, quantity, unit_price_cents, currency) VALUES ('oit_demo_1020_0', 'ord_demo_1020', 'prod_essaouira_crochet', 'var_ess_crm_os', 'ess crm os', 1, 15000, 'USD');
INSERT OR REPLACE INTO order_items (id, order_id, product_id, variant_id, description, quantity, unit_price_cents, currency) VALUES ('oit_demo_1020_1', 'ord_demo_1020', 'prod_oualidia_set', 'var_oua_ros_m', 'oua ros m', 1, 16500, 'USD');
INSERT OR REPLACE INTO payments (id, order_id, amount_cents, currency, status, method_summary, created_at) VALUES ('pay_demo_1020', 'ord_demo_1020', 33000, 'USD', 'succeeded', 'card •••• 4242', '2026-07-10 21:44:00');
INSERT OR REPLACE INTO cost_sheets (id, style_id, name, currency, fabric_cost_cents, trim_cost_cents, cut_sew_make_cents, sample_allocation_cents, packaging_cents, freight_cents, insurance_cents, duty_cents, payment_processing_cents, returns_reserve_cents, target_retail_cents, actual_retail_cents, notes) VALUES ('cst_demo_corniche', 'sty_corniche_polo', 'Corniche Polo — US landed', 'USD', 1290, 210, 1980, 240, 160, 410, 45, 780, 390, 250, 12500, 12500, 'Terry from Casablanca keeps freight short; duty is the biggest lever.');
INSERT OR REPLACE INTO cost_sheets (id, style_id, name, currency, fabric_cost_cents, trim_cost_cents, cut_sew_make_cents, sample_allocation_cents, packaging_cents, freight_cents, insurance_cents, duty_cents, payment_processing_cents, returns_reserve_cents, target_retail_cents, actual_retail_cents, notes) VALUES ('cst_demo_saadia', 'sty_saadia_dress', 'Saadia Maxi — EU landed', 'USD', 1150, 180, 2750, 320, 160, 280, 40, 0, 450, 290, 14500, 14500, 'EU-Morocco association agreement — zero duty with EUR.1 certificate.');
INSERT OR REPLACE INTO activity_events (id, kind, entity_type, entity_id, title, payload, created_at) VALUES ('aev_demo_01', 'po.status.received', 'production_order', 'po_demo_005', 'PO-2026-005 received from Vita Couture SARL', '{"status":"received","poNumber":"PO-2026-005","supplierName":"Vita Couture SARL"}', '2026-06-11 14:20:00');
INSERT OR REPLACE INTO activity_events (id, kind, entity_type, entity_id, title, payload, created_at) VALUES ('aev_demo_02', 'sample.approved', 'sample', 'smp_demo_cor_proto', 'Corniche Polo proto approved', '{"styleId":"sty_corniche_polo","styleName":"Corniche Polo","supplierId":"sup_coupe_cousu","supplierName":"YB Company","round":1,"status":"approved"}', '2026-06-16 10:05:00');
INSERT OR REPLACE INTO activity_events (id, kind, entity_type, entity_id, title, payload, created_at) VALUES ('aev_demo_03', 'po.status.confirmed', 'production_order', 'po_demo_002', 'PO-2026-002 confirmed with Vita Couture SARL', '{"status":"confirmed","poNumber":"PO-2026-002","supplierName":"Vita Couture SARL"}', '2026-06-25 15:45:00');
INSERT OR REPLACE INTO activity_events (id, kind, entity_type, entity_id, title, payload, created_at) VALUES ('aev_demo_04', 'commission.stage_changed', 'commission', 'com_demo_suit', 'Ivory linen trouser suit moved to cutting', '{"stage":"cutting","title":"Ivory linen trouser suit","clientName":"Claire Fontaine"}', '2026-07-04 09:30:00');
INSERT OR REPLACE INTO activity_events (id, kind, entity_type, entity_id, title, payload, created_at) VALUES ('aev_demo_05', 'sample.approved', 'sample', 'smp_demo_tng_pp', 'Tangier Trouser PP approved', '{"styleId":"sty_tangier_trouser","styleName":"Tangier Trouser","supplierId":"sup_ma_vita","supplierName":"Vita Couture SARL","round":3,"status":"approved"}', '2026-07-02 11:12:00');
INSERT OR REPLACE INTO activity_events (id, kind, entity_type, entity_id, title, payload, created_at) VALUES ('aev_demo_06', 'sample.status_changed', 'sample', 'smp_demo_saa_fit', 'Saadia Maxi fit sample needs revisions', '{"styleId":"sty_saadia_dress","styleName":"Saadia Maxi Dress","round":2,"status":"revisions_needed"}', '2026-07-08 16:40:00');
INSERT OR REPLACE INTO activity_events (id, kind, entity_type, entity_id, title, payload, created_at) VALUES ('aev_demo_07', 'research.maker_promoted', 'supplier', 'sup_ma_cotexma', 'Cotexma promoted from R&D into Factories & Suppliers', '{"supplierName":"Cotexma (Atelier Expert Couture Textile Maroc)"}', '2026-07-07 09:58:00');
INSERT OR REPLACE INTO activity_events (id, kind, entity_type, entity_id, title, payload, created_at) VALUES ('aev_demo_08', 'commission.stage_changed', 'commission', 'com_demo_gala', 'Saffron gala kaftan moved to fitting', '{"stage":"fitting","title":"Saffron gala kaftan","clientName":"Amira El Fassi"}', '2026-07-08 15:10:00');
INSERT OR REPLACE INTO activity_events (id, kind, entity_type, entity_id, title, payload, created_at) VALUES ('aev_demo_09', 'po.status.sent', 'production_order', 'po_demo_004', 'PO-2026-004 sent to Atelier de Marrakech', '{"status":"sent","poNumber":"PO-2026-004","supplierName":"Atelier de Marrakech"}', '2026-07-08 17:25:00');
INSERT OR REPLACE INTO activity_events (id, kind, entity_type, entity_id, title, payload, created_at) VALUES ('aev_demo_10', 'sample.status_changed', 'sample', 'smp_demo_med_proto', 'Medina Overshirt proto received', '{"styleId":"sty_medina_overshirt","styleName":"Medina Overshirt","round":1,"status":"received"}', '2026-07-10 12:33:00');
